"CBSA"
"Aberdeen
"Aberdeen
"Adjuntas
"Adrian
"Akron
"Albany
"Albany
"Albany-Schenectady-Troy
"Albuquerque
"Alexandria
"Allentown-Bethlehem-Easton
"Altoona
"Amarillo
"Americus
"Ames
"Anchorage
"Ann Arbor
"Appleton
"Ardmore
"Arkadelphia
"Asheville
"Ashtabula
"Athens
"Athens
"Athens-Clarke County
"Atlanta-Sandy Springs-Roswell
"Atlantic City-Hammonton
"Augusta-Richmond County
"Augusta-Waterville
"Austin-Round Rock
"Bakersfield
"Baltimore-Columbia-Towson
"Bangor
"Baraboo
"Barnstable Town
"Baton Rouge
"Bay City
"Beaumont-Port Arthur
"Beaver Dam
"Beckley
"Bellingham
"Bend-Redmond
"Bennington
"Berlin
"Billings
"Birmingham-Hoover
"Bishop
"Bismarck
"Blacksburg-Christiansburg-Radford
"Bloomington
"Bloomington
"Boise City
"Boone
"Boston-Cambridge-Newton
"Boulder
"Bowling Green
"Bozeman
"Brainerd
"Branson
"Breckenridge
"Bremerton-Silverdale
"Bridgeport-Stamford-Norwalk
"Brookings
"Brownsville-Harlingen
"Brunswick
"Buffalo-Cheektowaga-Niagara Falls
"Burley
"Burlington
"Burlington-South Burlington
"Butte-Silver Bow
"Cadillac
"Cambridge
"Canton-Massillon
"Cape Coral-Fort Myers
"Carlsbad-Artesia
"Carson City
"Casper
"Ca¤on City
"Cedar Rapids
"Centralia
"Chambersburg-Waynesboro
"Champaign-Urbana
"Charleston
"Charleston-North Charleston
"Charlotte-Concord-Gastonia
"Charlottesville
"Chattanooga
"Cheyenne
"Chicago-Naperville-Elgin
"Chico
"Cincinnati
"Claremont-Lebanon
"Clarksburg
"Clarksville
"Clearlake
"Cleveland
"Cleveland
"Cleveland-Elyria
"Clinton
"Coeur d'Alene
"Colorado Springs
"Columbia
"Columbia
"Columbus
"Columbus
"Concord
"Coos Bay
"Corning
"Corpus Christi
"Corsicana
"Corvallis
"Craig
"Crescent City
"Crestview-Fort Walton Beach-Destin
"Cullowhee
"Dallas-Fort Worth-Arlington
"Dalton
"Daphne-Fairhope-Foley
"Davenport-Moline-Rock Island
"Dayton
"Decatur
"Decatur
"Deltona-Daytona Beach-Ormond Beach
"Deming
"Denver-Aurora-Lakewood
"Des Moines-West Des Moines
"Detroit-Warren-Dearborn
"Dickinson
"Dodge City
"Dothan
"Douglas
"Dover
"DuBois
"Duluth
"Durango
"Durham-Chapel Hill
"Eagle Pass
"East Stroudsburg
"Eau Claire
"Effingham
"El Centro
"El Dorado
"El Paso
"Elizabethtown-Fort Knox
"Elkhart-Goshen
"Elko
"Ellensburg
"Elmira
"Emporia
"Erie
"Espa¤ola
"Eugene
"Eureka-Arcata-Fortuna
"Evanston
"Evansville
"Fairbanks
"Fairmont
"Fallon
"Fargo
"Farmington
"Fayetteville
"Fayetteville-Springdale-Rogers
"Fernley
"Findlay
"Flagstaff
"Flint
"Florence
"Florence-Muscle Shoals
"Fond du Lac
"Fort Collins
"Fort Madison-Keokuk
"Fort Payne
"Fort Smith
"Fort Wayne
"Frankfort
"Fredericksburg
"Fresno
"Gadsden
"Gaffney
"Gainesville
"Gainesville
"Gallup
"Gardnerville Ranchos
"Georgetown
"Gettysburg
"Gillette
"Glenwood Springs
"Goldsboro
"Grand Island
"Grand Junction
"Grand Rapids-Wyoming
"Grants Pass
"Great Falls
"Greeley
"Green Bay
"Greensboro-High Point
"Greenville
"Greenville-Anderson-Mauldin
"Greenwood
"Grenada
"Guayama
"Gulfport-Biloxi-Pascagoula
"Hagerstown-Martinsburg
"Hammond
"Hanford-Corcoran
"Harrisburg-Carlisle
"Harrison
"Harrisonburg
"Hartford-West Hartford-East Hartford
"Hattiesburg
"Helena
"Helena-West Helena
"Hermiston-Pendleton
"Hickory-Lenoir-Morganton
"Hilo
"Hobbs
"Holland
"Homosassa Springs
"Hot Springs
"Houghton
"Houma-Thibodaux
"Houston-The Woodlands-Sugar Land
"Huntington
"Huntington-Ashland
"Huntsville
"Idaho Falls
"Indiana
"Indianapolis-Carmel-Anderson
"Iowa City
"Ithaca
"Jackson
"Jackson
"Jackson
"Jacksonville
"Jamestown-Dunkirk-Fredonia
"Janesville-Beloit
"Jasper
"Jefferson City
"Johnstown
"Joplin
"Juneau
"Kahului-Wailuku-Lahaina
"Kalamazoo-Portage
"Kalispell
"Kansas City
"Kapaa
"Keene
"Kennewick-Richland
"Killeen-Temple
"Kingsport-Bristol-Bristol
"Kingston
"Kingsville
"Kinston
"Klamath Falls
"Knoxville
"Kokomo
"La Crosse-Onalaska
"La Grande
"Laconia
"Lafayette
"Lafayette-West Lafayette
"Lake Charles
"Lake City
"Lake Havasu City-Kingman
"Lakeland-Winter Haven
"Lancaster
"Lansing-East Lansing
"Laramie
"Laredo
"Las Cruces
"Las Vegas-Henderson-Paradise
"Laurel
"Lawrenceburg
"Lawton
"Lebanon
"Lewiston
"Lewiston-Auburn
"Lexington
"Lexington-Fayette
"Lima
"Lincoln
"Little Rock-North Little Rock-Conway
"Logan
"Longview
"Longview
"Los Alamos
"Los Angeles-Long Beach-Anaheim
"Louisville/Jefferson County
"Lubbock
"Ludington
"Lumberton
"Lynchburg
"Macon
"Madera
"Madison
"Malone
"Manchester-Nashua
"Manhattan
"Manitowoc
"Marietta
"Marion
"Marshall
"Marshall
"Mason City
"Mayaguez
"McAlester
"McAllen-Edinburg-Mission
"Medford
"Memphis
"Merced
"Meridian
"Miami
"Miami-Fort Lauderdale-West Palm Beach
"Michigan City-La Porte
"Middlesborough
"Milwaukee-Waukesha-West Allis
"Minneapolis-St. Paul-Bloomington
"Missoula
"Mobile
"Modesto
"Monroe
"Monroe
"Montgomery
"Morehead City
"Morgantown
"Morristown
"Moscow
"Moses Lake
"Mount Vernon
"Mount Vernon
"Mount Vernon-Anacortes
"Muncie
"Muscatine
"Muskegon
"Muskogee
"Myrtle Beach-Conway-North Myrtle Beach
"Napa
"Naples-Immokalee-Marco Island
"Nashville-Davidson--Murfreesboro--Franklin
"Natchez
"New Castle
"New Castle
"New Haven-Milford
"New Orleans-Metairie
"New York-Newark-Jersey City
"Niles-Benton Harbor
"Nogales
"North Port-Sarasota-Bradenton
"Norwich-New London
"Ocala
"Odessa
"Ogden-Clearfield
"Oklahoma City
"Olympia-Tumwater
"Omaha-Council Bluffs
"Orlando-Kissimmee-Sanford
"Othello
"Owensboro
"Oxford
"Oxnard-Thousand Oaks-Ventura
"Paducah
"Pahrump
"Palatka
"Palm Bay-Melbourne-Titusville
"Panama City
"Parkersburg-Vienna
"Payson
"Pensacola-Ferry Pass-Brent
"Peoria
"Philadelphia-Camden-Wilmington
"Phoenix-Mesa-Scottsdale
"Pittsburgh
"Pittsfield
"Platteville
"Pocatello
"Ponca City
"Ponce
"Port Angeles
"Port St. Lucie
"Portland-South Portland
"Portland-Vancouver-Hillsboro
"Portsmouth
"Prescott
"Price
"Prineville
"Providence-Warwick
"Provo-Orem
"Pueblo
"Pullman
"Quincy
"Racine
"Raleigh
"Rapid City
"Reading
"Red Bluff
"Red Wing
"Redding
"Reno
"Richmond
"Richmond-Berea
"Riverside-San Bernardino-Ontario
"Riverton
"Roanoke
"Rochester
"Rochester
"Rock Springs
"Rockford
"Rockland
"Rocky Mount
"Rome
"Roseburg
"Roswell
"Ruidoso
"Russellville
"Rutland
"Sacramento--Roseville--Arden-Arcade
"Salem
"Salem
"Salinas
"Salisbury
"Salt Lake City
"San Antonio-New Braunfels
"San Diego-Carlsbad
"San Francisco-Oakland-Hayward
"San Jose-Sunnyvale-Santa Clara
"San Juan-Carolina-Caguas
"San Luis Obispo-Paso Robles-Arroyo Grande
"Sandpoint
"Santa Cruz-Watsonville
"Santa Fe
"Santa Maria-Santa Barbara
"Santa Rosa
"Sault Ste. Marie
"Savannah
"Scottsbluff
"Scranton--Wilkes-Barre--Hazleton
"Searcy
"Seattle-Tacoma-Bellevue
"Sebastian-Vero Beach
"Sebring
"Seneca
"Sevierville
"Seymour
"Sheboygan
"Shelton
"Sheridan
"Show Low
"Shreveport-Bossier City
"Sierra Vista-Douglas
"Silver City
"Sioux City
"Sioux Falls
"Somerset
"Somerset
"Sonora
"South Bend-Mishawaka
"Spartanburg
"Spokane-Spokane Valley
"Springfield
"Springfield
"Springfield
"Springfield
"St. Cloud
"St. George
"St. Joseph
"St. Louis
"St. Marys
"State College
"Steamboat Springs
"Stockton-Lodi
"Summerville
"Syracuse
"Tahlequah
"Talladega-Sylacauga
"Tallahassee
"Tampa-St. Petersburg-Clearwater
"Taos
"Terre Haute
"Texarkana
"The Dalles
"Toledo
"Topeka
"Torrington
"Traverse City
"Trenton
"Truckee-Grass Valley
"Tucson
"Tulsa
"Tupelo
"Tuscaloosa
"Twin Falls
"Tyler
"Ukiah
"Urban Honolulu
"Utica-Rome
"Valdosta
"Vallejo-Fairfield
"Vernal
"Victoria
"Vincennes
"Vineland-Bridgeton
"Vineyard Haven
"Virginia Beach-Norfolk-Newport News
"Visalia-Porterville
"Wabash
"Waco
"Walla Walla
"Walterboro
"Warner Robins
"Washington Court House
"Washington-Arlington-Alexandria
"Waterloo-Cedar Falls
"Watertown
"Watertown-Fort Atkinson
"Watertown-Fort Drum
"Wausau
"Weirton-Steubenville
"Wenatchee
"Wheeling
"Whitewater-Elkhorn
"Wichita Falls
"Wichita
"Williamsport
"Wilmington
"Wilmington
"Winchester
"Winona
"Winston-Salem
"Worcester
"Yakima
"York-Hanover
"Youngstown-Warren-Boardman
"Yuba City
"Yuma
"CBSA"
"Aberdeen
"Aberdeen
"Adjuntas
"Adrian
"Akron
"Albany
"Albany
"Albany-Schenectady-Troy
"Albuquerque
"Alexandria
"Allentown-Bethlehem-Easton
"Altoona
"Amarillo
"Americus
"Ames
"Anchorage
"Ann Arbor
"Appleton
"Ardmore
"Arkadelphia
"Asheville
"Ashtabula
"Athens
"Athens
"Athens-Clarke County
"Atlanta-Sandy Springs-Roswell
"Atlantic City-Hammonton
"Augusta-Richmond County
"Augusta-Waterville
"Austin-Round Rock
"Bakersfield
"Baltimore-Columbia-Towson
"Bangor
"Baraboo
"Barnstable Town
"Baton Rouge
"Bay City
"Beaumont-Port Arthur
"Beaver Dam
"Beckley
"Bellingham
"Bend-Redmond
"Bennington
"Berlin
"Billings
"Birmingham-Hoover
"Bishop
"Bismarck
"Blacksburg-Christiansburg-Radford
"Bloomington
"Bloomington
"Boise City
"Boone
"Boston-Cambridge-Newton
"Boulder
"Bowling Green
"Bozeman
"Brainerd
"Branson
"Breckenridge
"Bremerton-Silverdale
"Bridgeport-Stamford-Norwalk
"Brookings
"Brownsville-Harlingen
"Brunswick
"Buffalo-Cheektowaga-Niagara Falls
"Burlington
"Burlington-South Burlington
"Butte-Silver Bow
"Cadillac
"Cambridge
"Canton-Massillon
"Cape Coral-Fort Myers
"Carlsbad-Artesia
"Carson City
"Casper
"Ca¤on City
"Cedar Rapids
"Centralia
"Chambersburg-Waynesboro
"Champaign-Urbana
"Charleston
"Charleston-North Charleston
"Charlotte-Concord-Gastonia
"Charlottesville
"Chattanooga
"Cheyenne
"Chicago-Naperville-Elgin
"Chico
"Cincinnati
"Claremont-Lebanon
"Clarksburg
"Clarksville
"Clearlake
"Cleveland
"Cleveland
"Cleveland-Elyria
"Clinton
"Colorado Springs
"Columbia
"Columbia
"Columbus
"Columbus
"Concord
"Coos Bay
"Corning
"Corpus Christi
"Corsicana
"Corvallis
"Craig
"Crescent City
"Crestview-Fort Walton Beach-Destin
"Cullowhee
"Dallas-Fort Worth-Arlington
"Dalton
"Daphne-Fairhope-Foley
"Davenport-Moline-Rock Island
"Dayton
"Decatur
"Decatur
"Deltona-Daytona Beach-Ormond Beach
"Deming
"Denver-Aurora-Lakewood
"Des Moines-West Des Moines
"Detroit-Warren-Dearborn
"Dickinson
"Dodge City
"Dothan
"Douglas
"Dover
"DuBois
"Duluth
"Durango
"Durham-Chapel Hill
"Eagle Pass
"East Stroudsburg
"Eau Claire
"Effingham
"El Centro
"El Dorado
"El Paso
"Elizabethtown-Fort Knox
"Elkhart-Goshen
"Elko
"Ellensburg
"Elmira
"Emporia
"Erie
"Espa¤ola
"Eugene
"Eureka-Arcata-Fortuna
"Evanston
"Evansville
"Fairbanks
"Fairmont
"Fallon
"Fargo
"Farmington
"Fayetteville
"Fayetteville-Springdale-Rogers
"Fernley
"Flagstaff
"Flint
"Florence
"Florence-Muscle Shoals
"Fond du Lac
"Fort Collins
"Fort Madison-Keokuk
"Fort Payne
"Fort Smith
"Fort Wayne
"Fresno
"Gadsden
"Gaffney
"Gainesville
"Gainesville
"Gallup
"Gardnerville Ranchos
"Georgetown
"Gettysburg
"Gillette
"Glenwood Springs
"Goldsboro
"Grand Island
"Grand Junction
"Grand Rapids-Wyoming
"Grants Pass
"Great Falls
"Greeley
"Green Bay
"Greensboro-High Point
"Greenville
"Greenville-Anderson-Mauldin
"Greenwood
"Guayama
"Gulfport-Biloxi-Pascagoula
"Hagerstown-Martinsburg
"Hammond
"Hanford-Corcoran
"Harrisburg-Carlisle
"Harrison
"Harrisonburg
"Hartford-West Hartford-East Hartford
"Hattiesburg
"Helena
"Helena-West Helena
"Hermiston-Pendleton
"Hickory-Lenoir-Morganton
"Hilo
"Hobbs
"Holland
"Homosassa Springs
"Hot Springs
"Houghton
"Houma-Thibodaux
"Houston-The Woodlands-Sugar Land
"Huntington
"Huntington-Ashland
"Huntsville
"Idaho Falls
"Indiana
"Indianapolis-Carmel-Anderson
"Iowa City
"Ithaca
"Jackson
"Jackson
"Jacksonville
"Jamestown-Dunkirk-Fredonia
"Janesville-Beloit
"Jasper
"Jefferson City
"Johnstown
"Joplin
"Juneau
"Kahului-Wailuku-Lahaina
"Kalamazoo-Portage
"Kalispell
"Kansas City
"Kapaa
"Keene
"Kennewick-Richland
"Killeen-Temple
"Kingsport-Bristol-Bristol
"Kingston
"Kingsville
"Kinston
"Klamath Falls
"Knoxville
"Kokomo
"La Crosse-Onalaska
"La Grande
"Laconia
"Lafayette
"Lafayette-West Lafayette
"Lake Charles
"Lake City
"Lake Havasu City-Kingman
"Lakeland-Winter Haven
"Lancaster
"Lansing-East Lansing
"Laramie
"Laredo
"Las Cruces
"Las Vegas-Henderson-Paradise
"Laurel
"Lawrenceburg
"Lawton
"Lebanon
"Lewiston
"Lewiston-Auburn
"Lexington
"Lexington-Fayette
"Lima
"Lincoln
"Little Rock-North Little Rock-Conway
"Logan
"Longview
"Longview
"Los Alamos
"Los Angeles-Long Beach-Anaheim
"Louisville/Jefferson County
"Lubbock
"Ludington
"Lumberton
"Lynchburg
"Macon
"Madera
"Madison
"Malone
"Manchester-Nashua
"Manhattan
"Manitowoc
"Marietta
"Marion
"Marshall
"Marshall
"Mason City
"Mayaguez
"McAlester
"McAllen-Edinburg-Mission
"Medford
"Memphis
"Merced
"Meridian
"Miami
"Miami-Fort Lauderdale-West Palm Beach
"Michigan City-La Porte
"Middlesborough
"Milwaukee-Waukesha-West Allis
"Minneapolis-St. Paul-Bloomington
"Missoula
"Mobile
"Modesto
"Monroe
"Monroe
"Montgomery
"Morehead City
"Morgantown
"Morristown
"Moscow
"Moses Lake
"Mount Vernon
"Mount Vernon
"Mount Vernon-Anacortes
"Muncie
"Muscatine
"Muskegon
"Muskogee
"Napa
"Naples-Immokalee-Marco Island
"Nashville-Davidson--Murfreesboro--Franklin
"New Castle
"New Castle
"New Haven-Milford
"New Orleans-Metairie
"New York-Newark-Jersey City
"Niles-Benton Harbor
"Nogales
"North Port-Sarasota-Bradenton
"Norwich-New London
"Ocala
"Odessa
"Ogden-Clearfield
"Oklahoma City
"Olympia-Tumwater
"Omaha-Council Bluffs
"Orlando-Kissimmee-Sanford
"Othello
"Owensboro
"Oxford
"Oxnard-Thousand Oaks-Ventura
"Paducah
"Pahrump
"Palatka
"Palm Bay-Melbourne-Titusville
"Panama City
"Parkersburg-Vienna
"Payson
"Pensacola-Ferry Pass-Brent
"Peoria
"Philadelphia-Camden-Wilmington
"Phoenix-Mesa-Scottsdale
"Pittsburgh
"Pittsfield
"Platteville
"Pocatello
"Ponca City
"Ponce
"Port Angeles
"Port St. Lucie
"Portland-South Portland
"Portland-Vancouver-Hillsboro
"Portsmouth
"Prescott
"Price
"Prineville
"Providence-Warwick
"Provo-Orem
"Pueblo
"Pullman
"Quincy
"Racine
"Raleigh
"Rapid City
"Reading
"Red Bluff
"Red Wing
"Redding
"Reno
"Richmond
"Richmond-Berea
"Riverside-San Bernardino-Ontario
"Riverton
"Roanoke
"Rochester
"Rochester
"Rock Springs
"Rockford
"Rockland
"Rocky Mount
"Rome
"Roseburg
"Roswell
"Ruidoso
"Russellville
"Rutland
"Sacramento--Roseville--Arden-Arcade
"Salem
"Salem
"Salinas
"Salisbury
"Salt Lake City
"San Antonio-New Braunfels
"San Diego-Carlsbad
"San Francisco-Oakland-Hayward
"San Jose-Sunnyvale-Santa Clara
"San Juan-Carolina-Caguas
"San Luis Obispo-Paso Robles-Arroyo Grande
"Sandpoint
"Santa Cruz-Watsonville
"Santa Fe
"Santa Maria-Santa Barbara
"Santa Rosa
"Sault Ste. Marie
"Savannah
"Scottsbluff
"Scranton--Wilkes-Barre--Hazleton
"Seattle-Tacoma-Bellevue
"Sebastian-Vero Beach
"Sebring
"Seneca
"Sevierville
"Seymour
"Sheboygan
"Shelton
"Sheridan
"Show Low
"Shreveport-Bossier City
"Sierra Vista-Douglas
"Silver City
"Sioux City
"Sioux Falls
"Somerset
"Somerset
"Sonora
"South Bend-Mishawaka
"Spartanburg
"Spokane-Spokane Valley
"Springfield
"Springfield
"Springfield
"Springfield
"St. Cloud
"St. George
"St. Joseph
"St. Louis
"St. Marys
"State College
"Steamboat Springs
"Stockton-Lodi
"Summerville
"Syracuse
"Tahlequah
"Talladega-Sylacauga
"Tallahassee
"Tampa-St. Petersburg-Clearwater
"Taos
"Terre Haute
"Texarkana
"The Dalles
"Toledo
"Topeka
"Torrington
"Traverse City
"Trenton
"Truckee-Grass Valley
"Tucson
"Tulsa
"Tupelo
"Tuscaloosa
"Twin Falls
"Tyler
"Ukiah
"Urban Honolulu
"Utica-Rome
"Valdosta
"Vallejo-Fairfield
"Vernal
"Victoria
"Vincennes
"Vineland-Bridgeton
"Vineyard Haven
"Virginia Beach-Norfolk-Newport News
"Visalia-Porterville
"Wabash
"Waco
"Walla Walla
"Walterboro
"Warner Robins
"Washington Court House
"Washington-Arlington-Alexandria
"Waterloo-Cedar Falls
"Watertown
"Watertown-Fort Atkinson
"Watertown-Fort Drum
"Wausau
"Weirton-Steubenville
"Wenatchee
"Wheeling
"Whitewater-Elkhorn
"Wichita Falls
"Wichita
"Williamsport
"Wilmington
"Wilmington
"Winchester
"Winona
"Winston-Salem
"Worcester
"Yakima
"York-Hanover
"Youngstown-Warren-Boardman
"Yuba City
"Yuma
"CBSA"
"Aberdeen
"Aberdeen
"Adjuntas
"Adrian
"Akron
"Albany
"Albany
"Albany-Schenectady-Troy
"Albuquerque
"Alexandria
"Allentown-Bethlehem-Easton
"Altoona
"Amarillo
"Americus
"Ames
"Anchorage
"Ann Arbor
"Appleton
"Ardmore
"Arkadelphia
"Asheville
"Ashtabula
"Athens
"Athens
"Athens-Clarke County
"Atlanta-Sandy Springs-Roswell
"Atlantic City-Hammonton
"Augusta-Richmond County
"Augusta-Waterville
"Austin-Round Rock
"Bakersfield
"Baltimore-Columbia-Towson
"Bangor
"Baraboo
"Barnstable Town
"Baton Rouge
"Bay City
"Beaumont-Port Arthur
"Beaver Dam
"Beckley
"Bellingham
"Bend-Redmond
"Bennington
"Berlin
"Billings
"Birmingham-Hoover
"Bishop
"Bismarck
"Blacksburg-Christiansburg-Radford
"Bloomington
"Bloomington
"Boise City
"Boone
"Boston-Cambridge-Newton
"Boulder
"Bowling Green
"Bozeman
"Brainerd
"Branson
"Bremerton-Silverdale
"Bridgeport-Stamford-Norwalk
"Brookings
"Brownsville-Harlingen
"Brunswick
"Buffalo-Cheektowaga-Niagara Falls
"Burlington
"Burlington-South Burlington
"Butte-Silver Bow
"Cadillac
"Cambridge
"Canton-Massillon
"Cape Coral-Fort Myers
"Carlsbad-Artesia
"Carson City
"Casper
"Ca¤on City
"Cedar Rapids
"Centralia
"Chambersburg-Waynesboro
"Champaign-Urbana
"Charleston
"Charleston-North Charleston
"Charlotte-Concord-Gastonia
"Charlottesville
"Chattanooga
"Cheyenne
"Chicago-Naperville-Elgin
"Chico
"Cincinnati
"Claremont-Lebanon
"Clarksburg
"Clarksville
"Clearlake
"Cleveland
"Cleveland-Elyria
"Clinton
"Colorado Springs
"Columbia
"Columbia
"Columbus
"Columbus
"Columbus
"Concord
"Cookeville
"Coos Bay
"Corning
"Corpus Christi
"Corsicana
"Corvallis
"Craig
"Crescent City
"Crestview-Fort Walton Beach-Destin
"Cullowhee
"Dallas-Fort Worth-Arlington
"Dalton
"Daphne-Fairhope-Foley
"Davenport-Moline-Rock Island
"Dayton
"Decatur
"Decatur
"Deltona-Daytona Beach-Ormond Beach
"Deming
"Denver-Aurora-Lakewood
"Des Moines-West Des Moines
"Detroit-Warren-Dearborn
"Dickinson
"Dodge City
"Dothan
"Douglas
"Dover
"DuBois
"Duluth
"Durango
"Durant
"Durham-Chapel Hill
"Dyersburg
"Eagle Pass
"East Stroudsburg
"Eau Claire
"Effingham
"El Centro
"El Dorado
"El Paso
"Elizabethtown-Fort Knox
"Elkhart-Goshen
"Elko
"Ellensburg
"Emporia
"Erie
"Espa¤ola
"Eugene
"Eureka-Arcata-Fortuna
"Evanston
"Evansville
"Fairbanks
"Fairmont
"Fallon
"Fargo
"Farmington
"Fayetteville
"Fayetteville-Springdale-Rogers
"Fernley
"Flagstaff
"Flint
"Florence
"Florence-Muscle Shoals
"Fond du Lac
"Fort Collins
"Fort Madison-Keokuk
"Fort Payne
"Fort Smith
"Fort Wayne
"Fresno
"Gadsden
"Gaffney
"Gainesville
"Gainesville
"Gallup
"Gardnerville Ranchos
"Georgetown
"Gettysburg
"Gillette
"Glenwood Springs
"Goldsboro
"Grand Island
"Grand Junction
"Grand Rapids-Wyoming
"Grants Pass
"Great Falls
"Greeley
"Green Bay
"Greensboro-High Point
"Greenville
"Greenville-Anderson-Mauldin
"Greenwood
"Guayama
"Gulfport-Biloxi-Pascagoula
"Hagerstown-Martinsburg
"Hammond
"Hanford-Corcoran
"Harrisburg-Carlisle
"Harrison
"Harrisonburg
"Hartford-West Hartford-East Hartford
"Hattiesburg
"Helena
"Hermiston-Pendleton
"Hickory-Lenoir-Morganton
"Hilo
"Hobbs
"Holland
"Homosassa Springs
"Hot Springs
"Houghton
"Houma-Thibodaux
"Houston-The Woodlands-Sugar Land
"Huntington
"Huntington-Ashland
"Huntsville
"Idaho Falls
"Indiana
"Indianapolis-Carmel-Anderson
"Iowa City
"Ithaca
"Jackson
"Jackson
"Jackson
"Jacksonville
"Jamestown-Dunkirk-Fredonia
"Janesville-Beloit
"Jasper
"Jefferson City
"Johnstown
"Joplin
"Juneau
"Kahului-Wailuku-Lahaina
"Kalamazoo-Portage
"Kalispell
"Kansas City
"Kapaa
"Keene
"Kennewick-Richland
"Killeen-Temple
"Kingsport-Bristol-Bristol
"Kingsville
"Kinston
"Klamath Falls
"Knoxville
"La Crosse-Onalaska
"La Grande
"Laconia
"Lafayette
"Lafayette-West Lafayette
"Lake Charles
"Lake City
"Lake Havasu City-Kingman
"Lakeland-Winter Haven
"Lancaster
"Lansing-East Lansing
"Laramie
"Laredo
"Las Cruces
"Las Vegas-Henderson-Paradise
"Lawrenceburg
"Lawton
"Lebanon
"Lewiston
"Lewiston-Auburn
"Lexington
"Lexington-Fayette
"Lima
"Lincoln
"Little Rock-North Little Rock-Conway
"Logan
"Longview
"Longview
"Los Alamos
"Los Angeles-Long Beach-Anaheim
"Louisville/Jefferson County
"Lubbock
"Ludington
"Lumberton
"Lynchburg
"Macon
"Madera
"Madison
"Malone
"Manchester-Nashua
"Manhattan
"Manitowoc
"Marietta
"Marion
"Marshall
"Marshall
"Mason City
"Mayaguez
"McAlester
"McAllen-Edinburg-Mission
"Medford
"Memphis
"Merced
"Meridian
"Miami
"Miami-Fort Lauderdale-West Palm Beach
"Michigan City-La Porte
"Middlesborough
"Milwaukee-Waukesha-West Allis
"Minneapolis-St. Paul-Bloomington
"Missoula
"Mobile
"Modesto
"Monroe
"Monroe
"Montgomery
"Morehead City
"Morgantown
"Morristown
"Moscow
"Moses Lake
"Mount Vernon
"Mount Vernon
"Mount Vernon-Anacortes
"Muncie
"Muscatine
"Muskegon
"Muskogee
"Napa
"Naples-Immokalee-Marco Island
"Nashville-Davidson--Murfreesboro--Franklin
"New Castle
"New Castle
"New Haven-Milford
"New Orleans-Metairie
"New York-Newark-Jersey City
"Niles-Benton Harbor
"Nogales
"North Port-Sarasota-Bradenton
"Norwich-New London
"Ocala
"Odessa
"Ogden-Clearfield
"Oklahoma City
"Olympia-Tumwater
"Omaha-Council Bluffs
"Orlando-Kissimmee-Sanford
"Othello
"Owensboro
"Oxford
"Oxnard-Thousand Oaks-Ventura
"Paducah
"Pahrump
"Palatka
"Palm Bay-Melbourne-Titusville
"Panama City
"Parkersburg-Vienna
"Payson
"Pensacola-Ferry Pass-Brent
"Peoria
"Philadelphia-Camden-Wilmington
"Phoenix-Mesa-Scottsdale
"Pittsburgh
"Pittsfield
"Platteville
"Pocatello
"Ponca City
"Ponce
"Port Angeles
"Port St. Lucie
"Portland-South Portland
"Portland-Vancouver-Hillsboro
"Portsmouth
"Prescott
"Price
"Prineville
"Providence-Warwick
"Provo-Orem
"Pueblo
"Pullman
"Quincy
"Racine
"Raleigh
"Rapid City
"Reading
"Red Bluff
"Red Wing
"Redding
"Reno
"Richmond
"Richmond-Berea
"Riverside-San Bernardino-Ontario
"Riverton
"Roanoke
"Rochester
"Rochester
"Rock Springs
"Rockford
"Rockland
"Rocky Mount
"Rome
"Roseburg
"Roswell
"Ruidoso
"Rutland
"Sacramento--Roseville--Arden-Arcade
"Salem
"Salem
"Salinas
"Salisbury
"Salt Lake City
"San Antonio-New Braunfels
"San Diego-Carlsbad
"San Francisco-Oakland-Hayward
"San Jose-Sunnyvale-Santa Clara
"San Juan-Carolina-Caguas
"San Luis Obispo-Paso Robles-Arroyo Grande
"Sandpoint
"Sanford
"Santa Cruz-Watsonville
"Santa Fe
"Santa Maria-Santa Barbara
"Santa Rosa
"Sault Ste. Marie
"Savannah
"Sayre
"Scottsbluff
"Scranton--Wilkes-Barre--Hazleton
"Seattle-Tacoma-Bellevue
"Sebastian-Vero Beach
"Sebring
"Seneca
"Sevierville
"Seymour
"Shawnee
"Sheboygan
"Shelton
"Sheridan
"Show Low
"Shreveport-Bossier City
"Sierra Vista-Douglas
"Silver City
"Sioux City
"Sioux Falls
"Somerset
"Somerset
"Sonora
"South Bend-Mishawaka
"Spartanburg
"Spokane-Spokane Valley
"Springfield
"Springfield
"Springfield
"Springfield
"St. Cloud
"St. George
"St. Joseph
"St. Louis
"St. Marys
"State College
"Steamboat Springs
"Stockton-Lodi
"Summerville
"Syracuse
"Tahlequah
"Talladega-Sylacauga
"Tallahassee
"Tampa-St. Petersburg-Clearwater
"Taos
"Terre Haute
"Texarkana
"The Dalles
"Toledo
"Topeka
"Torrington
"Traverse City
"Trenton
"Truckee-Grass Valley
"Tucson
"Tulsa
"Tupelo
"Tuscaloosa
"Twin Falls
"Tyler
"Ukiah
"Urban Honolulu
"Utica-Rome
"Valdosta
"Vallejo-Fairfield
"Vernal
"Victoria
"Vincennes
"Vineland-Bridgeton
"Vineyard Haven
"Virginia Beach-Norfolk-Newport News
"Visalia-Porterville
"Wabash
"Waco
"Walla Walla
"Walterboro
"Warner Robins
"Washington Court House
"Washington-Arlington-Alexandria
"Waterloo-Cedar Falls
"Watertown
"Watertown-Fort Atkinson
"Watertown-Fort Drum
"Wausau
"Weirton-Steubenville
"Wenatchee
"Wheeling
"Whitewater-Elkhorn
"Wichita Falls
"Wichita
"Williamsport
"Williston
"Wilmington
"Wilmington
"Winchester
"Winona
"Winston-Salem
"Worcester
"Yakima
"York-Hanover
"Youngstown-Warren-Boardman
"Yuba City
"Yuma
"CBSA"
"Aberdeen
"Aberdeen
"Adjuntas
"Adrian
"Akron
"Albany
"Albany
"Albany-Schenectady-Troy
"Albuquerque
"Alexandria
"Allentown-Bethlehem-Easton
"Altoona
"Amarillo
"Americus
"Ames
"Anchorage
"Ann Arbor
"Appleton
"Ardmore
"Arkadelphia
"Asheville
"Ashtabula
"Athens
"Athens
"Athens-Clarke County
"Atlanta-Sandy Springs-Roswell
"Atlantic City-Hammonton
"Augusta-Richmond County
"Augusta-Waterville
"Austin-Round Rock
"Bakersfield
"Baltimore-Columbia-Towson
"Bangor
"Baraboo
"Barnstable Town
"Baton Rouge
"Bay City
"Beaumont-Port Arthur
"Beaver Dam
"Beckley
"Bellingham
"Bemidji
"Bend-Redmond
"Bennington
"Berlin
"Billings
"Birmingham-Hoover
"Bishop
"Bismarck
"Blacksburg-Christiansburg-Radford
"Bloomington
"Bloomington
"Boise City
"Boone
"Boston-Cambridge-Newton
"Boulder
"Bowling Green
"Bozeman
"Brainerd
"Branson
"Bremerton-Silverdale
"Bridgeport-Stamford-Norwalk
"Brookings
"Brownsville-Harlingen
"Brunswick
"Buffalo-Cheektowaga-Niagara Falls
"Burlington
"Burlington-South Burlington
"Butte-Silver Bow
"Cadillac
"Cambridge
"Canton-Massillon
"Cape Coral-Fort Myers
"Carlsbad-Artesia
"Carson City
"Casper
"Ca¤on City
"Cedar Rapids
"Centralia
"Chambersburg-Waynesboro
"Champaign-Urbana
"Charleston
"Charleston-North Charleston
"Charlotte-Concord-Gastonia
"Charlottesville
"Chattanooga
"Cheyenne
"Chicago-Naperville-Elgin
"Chico
"Cincinnati
"Claremont-Lebanon
"Clarksburg
"Clarksville
"Clearlake
"Cleveland
"Cleveland-Elyria
"Clinton
"Colorado Springs
"Columbia
"Columbia
"Columbus
"Columbus
"Columbus
"Concord
"Cookeville
"Corning
"Corpus Christi
"Corsicana
"Corvallis
"Craig
"Crawfordsville
"Crescent City
"Crestview-Fort Walton Beach-Destin
"Cullowhee
"Dallas-Fort Worth-Arlington
"Dalton
"Daphne-Fairhope-Foley
"Davenport-Moline-Rock Island
"Dayton
"Decatur
"Decatur
"Deltona-Daytona Beach-Ormond Beach
"Deming
"Denver-Aurora-Lakewood
"Des Moines-West Des Moines
"Detroit-Warren-Dearborn
"Dickinson
"Dodge City
"Dothan
"Douglas
"Dover
"DuBois
"Duluth
"Durango
"Durant
"Durham-Chapel Hill
"Dyersburg
"Eagle Pass
"East Stroudsburg
"Eau Claire
"Effingham
"El Centro
"El Dorado
"El Paso
"Elizabethtown-Fort Knox
"Elkhart-Goshen
"Elko
"Ellensburg
"Emporia
"Erie
"Espa¤ola
"Eugene
"Eureka-Arcata-Fortuna
"Evanston
"Evansville
"Fairbanks
"Fairmont
"Fallon
"Fargo
"Farmington
"Fayetteville
"Fayetteville-Springdale-Rogers
"Fernley
"Flagstaff
"Flint
"Florence
"Florence-Muscle Shoals
"Fond du Lac
"Fort Collins
"Fort Madison-Keokuk
"Fort Payne
"Fort Smith
"Fort Wayne
"Fresno
"Gadsden
"Gaffney
"Gainesville
"Gainesville
"Gardnerville Ranchos
"Georgetown
"Gettysburg
"Gillette
"Glenwood Springs
"Goldsboro
"Grand Island
"Grand Junction
"Grand Rapids-Wyoming
"Grants Pass
"Great Falls
"Greeley
"Green Bay
"Greenfield Town
"Greensboro-High Point
"Greenville
"Greenville-Anderson-Mauldin
"Greenwood
"Guayama
"Gulfport-Biloxi-Pascagoula
"Hagerstown-Martinsburg
"Hammond
"Hanford-Corcoran
"Harrisburg-Carlisle
"Harrison
"Harrisonburg
"Hartford-West Hartford-East Hartford
"Hattiesburg
"Helena
"Hermiston-Pendleton
"Hickory-Lenoir-Morganton
"Hilo
"Hobbs
"Holland
"Homosassa Springs
"Hot Springs
"Houghton
"Houma-Thibodaux
"Houston-The Woodlands-Sugar Land
"Huntington
"Huntington-Ashland
"Huntsville
"Idaho Falls
"Indiana
"Indianapolis-Carmel-Anderson
"Iowa City
"Ithaca
"Jackson
"Jackson
"Jackson
"Jacksonville
"Jamestown-Dunkirk-Fredonia
"Janesville-Beloit
"Jasper
"Jefferson City
"Johnstown
"Joplin
"Juneau
"Kahului-Wailuku-Lahaina
"Kalamazoo-Portage
"Kalispell
"Kansas City
"Kapaa
"Keene
"Kennewick-Richland
"Killeen-Temple
"Kingsport-Bristol-Bristol
"Kingsville
"Kinston
"Klamath Falls
"Knoxville
"Kokomo
"La Crosse-Onalaska
"La Grande
"Laconia
"Lafayette
"Lafayette-West Lafayette
"Lake Charles
"Lake City
"Lake Havasu City-Kingman
"Lakeland-Winter Haven
"Lancaster
"Lansing-East Lansing
"Laramie
"Laredo
"Las Cruces
"Las Vegas-Henderson-Paradise
"Lawrenceburg
"Lawton
"Lebanon
"Lewiston
"Lewiston-Auburn
"Lexington
"Lexington-Fayette
"Lima
"Lincoln
"Little Rock-North Little Rock-Conway
"Logan
"Longview
"Longview
"Los Alamos
"Los Angeles-Long Beach-Anaheim
"Louisville/Jefferson County
"Lubbock
"Ludington
"Lumberton
"Lynchburg
"Macon
"Madera
"Madison
"Malone
"Manchester-Nashua
"Manitowoc
"Marietta
"Marion
"Marshall
"Marshall
"Mason City
"Mayaguez
"McAlester
"McAllen-Edinburg-Mission
"Medford
"Memphis
"Merced
"Meridian
"Miami
"Miami-Fort Lauderdale-West Palm Beach
"Michigan City-La Porte
"Middlesborough
"Milwaukee-Waukesha-West Allis
"Minneapolis-St. Paul-Bloomington
"Missoula
"Mobile
"Modesto
"Monroe
"Monroe
"Montgomery
"Morehead City
"Morgantown
"Morristown
"Moses Lake
"Mount Vernon
"Mount Vernon
"Mount Vernon-Anacortes
"Muncie
"Muscatine
"Muskegon
"Muskogee
"Napa
"Naples-Immokalee-Marco Island
"Nashville-Davidson--Murfreesboro--Franklin
"New Castle
"New Castle
"New Haven-Milford
"New Orleans-Metairie
"New York-Newark-Jersey City
"Niles-Benton Harbor
"Nogales
"North Port-Sarasota-Bradenton
"Norwich-New London
"Ocala
"Odessa
"Ogden-Clearfield
"Oklahoma City
"Olympia-Tumwater
"Omaha-Council Bluffs
"Orlando-Kissimmee-Sanford
"Othello
"Owensboro
"Oxford
"Oxnard-Thousand Oaks-Ventura
"Paducah
"Pahrump
"Palatka
"Palm Bay-Melbourne-Titusville
"Panama City
"Parkersburg-Vienna
"Payson
"Pensacola-Ferry Pass-Brent
"Peoria
"Philadelphia-Camden-Wilmington
"Phoenix-Mesa-Scottsdale
"Pittsburgh
"Pittsfield
"Platteville
"Pocatello
"Ponca City
"Ponce
"Port Angeles
"Port St. Lucie
"Portland-South Portland
"Portland-Vancouver-Hillsboro
"Portsmouth
"Prescott
"Price
"Prineville
"Providence-Warwick
"Provo-Orem
"Pueblo
"Pullman
"Quincy
"Raleigh
"Rapid City
"Reading
"Red Bluff
"Red Wing
"Redding
"Reno
"Richmond
"Richmond-Berea
"Riverside-San Bernardino-Ontario
"Riverton
"Roanoke
"Rochester
"Rochester
"Rock Springs
"Rockford
"Rockland
"Rocky Mount
"Rome
"Roseburg
"Roswell
"Ruidoso
"Rutland
"Sacramento--Roseville--Arden-Arcade
"Salem
"Salem
"Salinas
"Salisbury
"Salt Lake City
"San Antonio-New Braunfels
"San Diego-Carlsbad
"San Francisco-Oakland-Hayward
"San Jose-Sunnyvale-Santa Clara
"San Juan-Carolina-Caguas
"San Luis Obispo-Paso Robles-Arroyo Grande
"Sandpoint
"Sanford
"Santa Cruz-Watsonville
"Santa Fe
"Santa Maria-Santa Barbara
"Santa Rosa
"Sault Ste. Marie
"Savannah
"Sayre
"Scottsbluff
"Scranton--Wilkes-Barre--Hazleton
"Seattle-Tacoma-Bellevue
"Sebastian-Vero Beach
"Sebring
"Seneca
"Sevierville
"Seymour
"Sheboygan
"Shelton
"Sheridan
"Show Low
"Shreveport-Bossier City
"Sierra Vista-Douglas
"Silver City
"Sioux City
"Sioux Falls
"Somerset
"Somerset
"Sonora
"South Bend-Mishawaka
"Spartanburg
"Spokane-Spokane Valley
"Springfield
"Springfield
"Springfield
"Springfield
"St. Cloud
"St. George
"St. Joseph
"St. Louis
"St. Marys
"State College
"Steamboat Springs
"Stockton-Lodi
"Summerville
"Syracuse
"Tahlequah
"Talladega-Sylacauga
"Tallahassee
"Tampa-St. Petersburg-Clearwater
"Taos
"Terre Haute
"Texarkana
"The Dalles
"Toledo
"Topeka
"Torrington
"Traverse City
"Trenton
"Truckee-Grass Valley
"Tucson
"Tulsa
"Tupelo
"Tuscaloosa
"Tyler
"Ukiah
"Urban Honolulu
"Utica-Rome
"Valdosta
"Vallejo-Fairfield
"Vernal
"Victoria
"Vincennes
"Vineland-Bridgeton
"Vineyard Haven
"Virginia Beach-Norfolk-Newport News
"Visalia-Porterville
"Wabash
"Waco
"Walla Walla
"Walterboro
"Warner Robins
"Washington Court House
"Washington-Arlington-Alexandria
"Waterloo-Cedar Falls
"Watertown
"Watertown-Fort Atkinson
"Watertown-Fort Drum
"Wausau
"Weirton-Steubenville
"Wenatchee
"Wheeling
"Whitewater-Elkhorn
"Wichita Falls
"Wichita
"Williamsport
"Williston
"Wilmington
"Wilmington
"Winchester
"Winona
"Winston-Salem
"Worcester
"Yakima
"York-Hanover
"Youngstown-Warren-Boardman
"Yuba City
"Yuma
"CBSA"
"Aberdeen
"Aberdeen
"Adjuntas
"Adrian
"Akron
"Albany
"Albany
"Albany-Schenectady-Troy
"Albuquerque
"Alexandria
"Allentown-Bethlehem-Easton
"Altoona
"Amarillo
"Americus
"Ames
"Anchorage
"Ann Arbor
"Appleton
"Ardmore
"Arkadelphia
"Asheville
"Ashtabula
"Athens
"Athens
"Athens-Clarke County
"Atlanta-Sandy Springs-Roswell
"Atlantic City-Hammonton
"Augusta-Richmond County
"Augusta-Waterville
"Austin-Round Rock
"Bakersfield
"Baltimore-Columbia-Towson
"Bangor
"Baraboo
"Barnstable Town
"Baton Rouge
"Bay City
"Beaumont-Port Arthur
"Beaver Dam
"Beckley
"Bellingham
"Bemidji
"Bend-Redmond
"Bennington
"Berlin
"Billings
"Birmingham-Hoover
"Bishop
"Bismarck
"Blacksburg-Christiansburg-Radford
"Bloomington
"Bloomington
"Boise City
"Boone
"Boston-Cambridge-Newton
"Boulder
"Bowling Green
"Bozeman
"Brainerd
"Branson
"Bremerton-Silverdale
"Bridgeport-Stamford-Norwalk
"Brookings
"Brownsville-Harlingen
"Brunswick
"Buffalo-Cheektowaga-Niagara Falls
"Burlington
"Burlington-South Burlington
"Butte-Silver Bow
"Cadillac
"Cambridge
"Canton-Massillon
"Cape Coral-Fort Myers
"Carlsbad-Artesia
"Carson City
"Casper
"Ca¤on City
"Cedar Rapids
"Centralia
"Chambersburg-Waynesboro
"Champaign-Urbana
"Charleston
"Charleston-North Charleston
"Charlotte-Concord-Gastonia
"Charlottesville
"Chattanooga
"Cheyenne
"Chicago-Naperville-Elgin
"Chico
"Cincinnati
"Claremont-Lebanon
"Clarksburg
"Clarksville
"Clearlake
"Cleveland
"Cleveland-Elyria
"Clinton
"Coeur d'Alene
"Colorado Springs
"Columbia
"Columbia
"Columbus
"Columbus
"Columbus
"Concord
"Cookeville
"Corning
"Corpus Christi
"Corsicana
"Corvallis
"Craig
"Crawfordsville
"Crescent City
"Crestview-Fort Walton Beach-Destin
"Cullowhee
"Dallas-Fort Worth-Arlington
"Dalton
"Daphne-Fairhope-Foley
"Davenport-Moline-Rock Island
"Dayton
"Decatur
"Decatur
"Deltona-Daytona Beach-Ormond Beach
"Deming
"Denver-Aurora-Lakewood
"Des Moines-West Des Moines
"Detroit-Warren-Dearborn
"Dickinson
"Dodge City
"Dothan
"Douglas
"Dover
"DuBois
"Duluth
"Durango
"Durham-Chapel Hill
"Dyersburg
"Eagle Pass
"East Stroudsburg
"Eau Claire
"Effingham
"El Centro
"El Dorado
"El Paso
"Elizabethtown-Fort Knox
"Elkhart-Goshen
"Elko
"Ellensburg
"Emporia
"Erie
"Espa¤ola
"Eugene
"Eureka-Arcata-Fortuna
"Evanston
"Evansville
"Fairbanks
"Fairmont
"Fallon
"Fargo
"Farmington
"Fayetteville
"Fayetteville-Springdale-Rogers
"Fernley
"Flagstaff
"Flint
"Florence
"Florence-Muscle Shoals
"Fond du Lac
"Fort Collins
"Fort Madison-Keokuk
"Fort Payne
"Fort Smith
"Fort Wayne
"Fresno
"Gadsden
"Gaffney
"Gainesville
"Gainesville
"Gardnerville Ranchos
"Georgetown
"Gettysburg
"Gillette
"Glenwood Springs
"Goldsboro
"Grand Island
"Grand Junction
"Grand Rapids-Wyoming
"Grants Pass
"Great Falls
"Greeley
"Green Bay
"Greenfield Town
"Greensboro-High Point
"Greenville
"Greenville-Anderson-Mauldin
"Greenwood
"Grenada
"Guayama
"Gulfport-Biloxi-Pascagoula
"Hagerstown-Martinsburg
"Hailey
"Hammond
"Hanford-Corcoran
"Harrisburg-Carlisle
"Harrison
"Harrisonburg
"Hartford-West Hartford-East Hartford
"Hattiesburg
"Helena
"Hermiston-Pendleton
"Hickory-Lenoir-Morganton
"Hilo
"Hobbs
"Holland
"Homosassa Springs
"Hot Springs
"Houghton
"Houma-Thibodaux
"Houston-The Woodlands-Sugar Land
"Huntington
"Huntington-Ashland
"Huntsville
"Idaho Falls
"Indiana
"Indianapolis-Carmel-Anderson
"Iowa City
"Ithaca
"Jackson
"Jackson
"Jackson
"Jacksonville
"Jamestown
"Jamestown-Dunkirk-Fredonia
"Janesville-Beloit
"Jasper
"Jefferson City
"Johnstown
"Joplin
"Juneau
"Kahului-Wailuku-Lahaina
"Kalamazoo-Portage
"Kalispell
"Kansas City
"Kapaa
"Keene
"Kennewick-Richland
"Killeen-Temple
"Kingsport-Bristol-Bristol
"Kingsville
"Kinston
"Klamath Falls
"Knoxville
"Kokomo
"La Crosse-Onalaska
"La Grande
"Laconia
"Lafayette
"Lafayette-West Lafayette
"Lake Charles
"Lake City
"Lake Havasu City-Kingman
"Lakeland-Winter Haven
"Lancaster
"Lansing-East Lansing
"Laramie
"Laredo
"Las Cruces
"Las Vegas-Henderson-Paradise
"Lawrenceburg
"Lawton
"Lebanon
"Lewiston
"Lewiston-Auburn
"Lexington
"Lexington-Fayette
"Lima
"Lincoln
"Little Rock-North Little Rock-Conway
"Logan
"Longview
"Longview
"Los Alamos
"Los Angeles-Long Beach-Anaheim
"Louisville/Jefferson County
"Ludington
"Lynchburg
"Macon
"Madera
"Madison
"Malone
"Manchester-Nashua
"Manitowoc
"Marietta
"Marion
"Marshall
"Marshall
"Mason City
"McAlester
"McAllen-Edinburg-Mission
"Medford
"Memphis
"Merced
"Meridian
"Miami
"Miami-Fort Lauderdale-West Palm Beach
"Michigan City-La Porte
"Middlesborough
"Milwaukee-Waukesha-West Allis
"Minneapolis-St. Paul-Bloomington
"Missoula
"Mobile
"Modesto
"Monroe
"Monroe
"Montgomery
"Morehead City
"Morgantown
"Morristown
"Moscow
"Moses Lake
"Mount Vernon
"Mount Vernon
"Mount Vernon-Anacortes
"Muncie
"Muscatine
"Muskegon
"Muskogee
"Napa
"Naples-Immokalee-Marco Island
"Nashville-Davidson--Murfreesboro--Franklin
"New Castle
"New Castle
"New Haven-Milford
"New Orleans-Metairie
"New York-Newark-Jersey City
"Niles-Benton Harbor
"Nogales
"North Port-Sarasota-Bradenton
"Norwich-New London
"Ocala
"Odessa
"Ogden-Clearfield
"Oklahoma City
"Olympia-Tumwater
"Omaha-Council Bluffs
"Orlando-Kissimmee-Sanford
"Othello
"Owensboro
"Oxford
"Oxnard-Thousand Oaks-Ventura
"Paducah
"Pahrump
"Palatka
"Palm Bay-Melbourne-Titusville
"Panama City
"Parkersburg-Vienna
"Payson
"Pensacola-Ferry Pass-Brent
"Peoria
"Philadelphia-Camden-Wilmington
"Phoenix-Mesa-Scottsdale
"Pierre
"Pittsburgh
"Pittsfield
"Platteville
"Pocatello
"Ponca City
"Ponce
"Port Angeles
"Port St. Lucie
"Portland-South Portland
"Portland-Vancouver-Hillsboro
"Portsmouth
"Prescott
"Price
"Prineville
"Providence-Warwick
"Provo-Orem
"Pueblo
"Pullman
"Quincy
"Racine
"Raleigh
"Rapid City
"Reading
"Red Bluff
"Red Wing
"Redding
"Reno
"Richmond
"Richmond-Berea
"Riverside-San Bernardino-Ontario
"Riverton
"Roanoke
"Rochester
"Rochester
"Rock Springs
"Rockford
"Rockland
"Rocky Mount
"Rome
"Roseburg
"Roswell
"Ruidoso
"Rutland
"Sacramento--Roseville--Arden-Arcade
"Salem
"Salem
"Salinas
"Salisbury
"Salt Lake City
"San Antonio-New Braunfels
"San Diego-Carlsbad
"San Francisco-Oakland-Hayward
"San Jose-Sunnyvale-Santa Clara
"San Juan-Carolina-Caguas
"San Luis Obispo-Paso Robles-Arroyo Grande
"Sandpoint
"Sanford
"Santa Cruz-Watsonville
"Santa Fe
"Santa Maria-Santa Barbara
"Santa Rosa
"Sault Ste. Marie
"Savannah
"Sayre
"Scottsbluff
"Scranton--Wilkes-Barre--Hazleton
"Seattle-Tacoma-Bellevue
"Sebastian-Vero Beach
"Sebring
"Seneca
"Sevierville
"Seymour
"Sheboygan
"Shelton
"Sheridan
"Show Low
"Shreveport-Bossier City
"Sierra Vista-Douglas
"Sioux City
"Sioux Falls
"Somerset
"Somerset
"Sonora
"South Bend-Mishawaka
"Spartanburg
"Spokane-Spokane Valley
"Springfield
"Springfield
"Springfield
"Springfield
"St. Cloud
"St. George
"St. Joseph
"St. Louis
"St. Marys
"State College
"Steamboat Springs
"Stockton-Lodi
"Summerville
"Syracuse
"Tahlequah
"Talladega-Sylacauga
"Tallahassee
"Tampa-St. Petersburg-Clearwater
"Taos
"Terre Haute
"Texarkana
"The Dalles
"Toledo
"Topeka
"Torrington
"Traverse City
"Trenton
"Truckee-Grass Valley
"Tucson
"Tulsa
"Tupelo
"Tuscaloosa
"Twin Falls
"Tyler
"Ukiah
"Urban Honolulu
"Utica-Rome
"Valdosta
"Vallejo-Fairfield
"Vernal
"Victoria
"Vincennes
"Vineland-Bridgeton
"Vineyard Haven
"Virginia Beach-Norfolk-Newport News
"Visalia-Porterville
"Wabash
"Waco
"Walla Walla
"Walterboro
"Warner Robins
"Washington Court House
"Washington-Arlington-Alexandria
"Waterloo-Cedar Falls
"Watertown
"Watertown-Fort Atkinson
"Watertown-Fort Drum
"Wausau
"Weatherford
"Weirton-Steubenville
"Wenatchee
"Wheeling
"Whitewater-Elkhorn
"Wichita
"Williamsport
"Williston
"Wilmington
"Wilmington
"Winchester
"Winona
"Winston-Salem
"Worcester
"Yakima
"York-Hanover
"Youngstown-Warren-Boardman
"Yuba City
"Yuma
"CBSA"
"Aberdeen
"Aberdeen
"Adjuntas
"Adrian
"Akron
"Albany
"Albany
"Albany-Schenectady-Troy
"Albuquerque
"Alexandria
"Allentown-Bethlehem-Easton
"Altoona
"Amarillo
"Americus
"Ames
"Anchorage
"Ann Arbor
"Appleton
"Ardmore
"Arkadelphia
"Asheville
"Ashtabula
"Athens
"Athens
"Athens-Clarke County
"Atlanta-Sandy Springs-Roswell
"Atlantic City-Hammonton
"Augusta-Richmond County
"Augusta-Waterville
"Austin-Round Rock
"Bakersfield
"Baltimore-Columbia-Towson
"Bangor
"Baraboo
"Barnstable Town
"Bartlesville
"Baton Rouge
"Bay City
"Beaumont-Port Arthur
"Beaver Dam
"Bellingham
"Bemidji
"Bend-Redmond
"Bennington
"Berlin
"Billings
"Birmingham-Hoover
"Bishop
"Bismarck
"Blacksburg-Christiansburg-Radford
"Bloomington
"Bloomington
"Boise City
"Boston-Cambridge-Newton
"Boulder
"Bowling Green
"Bozeman
"Brainerd
"Branson
"Bremerton-Silverdale
"Bridgeport-Stamford-Norwalk
"Brookings
"Brownsville-Harlingen
"Brunswick
"Buffalo-Cheektowaga-Niagara Falls
"Burlington-South Burlington
"Butte-Silver Bow
"Cadillac
"Cambridge
"Canton-Massillon
"Cape Coral-Fort Myers
"Carlsbad-Artesia
"Carson City
"Casper
"Ca¤on City
"Cedar Rapids
"Centralia
"Chambersburg-Waynesboro
"Champaign-Urbana
"Charleston
"Charleston-North Charleston
"Charlotte-Concord-Gastonia
"Charlottesville
"Chattanooga
"Cheyenne
"Chicago-Naperville-Elgin
"Chico
"Cincinnati
"Claremont-Lebanon
"Clarksburg
"Clarksville
"Clearlake
"Cleveland
"Cleveland-Elyria
"Clinton
"Coeur d'Alene
"Colorado Springs
"Columbia
"Columbia
"Columbus
"Columbus
"Columbus
"Concord
"Cookeville
"Corning
"Corpus Christi
"Corsicana
"Corvallis
"Craig
"Crescent City
"Crestview-Fort Walton Beach-Destin
"Cullowhee
"Dallas-Fort Worth-Arlington
"Dalton
"Daphne-Fairhope-Foley
"Davenport-Moline-Rock Island
"Dayton
"Decatur
"Decatur
"Deltona-Daytona Beach-Ormond Beach
"Deming
"Denver-Aurora-Lakewood
"Des Moines-West Des Moines
"Detroit-Warren-Dearborn
"Dickinson
"Dodge City
"Dothan
"Douglas
"Dover
"DuBois
"Duluth
"Durango
"Durham-Chapel Hill
"Dyersburg
"Eagle Pass
"East Stroudsburg
"Eau Claire
"Effingham
"El Centro
"El Dorado
"El Paso
"Elizabethtown-Fort Knox
"Elkhart-Goshen
"Elko
"Ellensburg
"Emporia
"Erie
"Espa¤ola
"Eugene
"Eureka-Arcata-Fortuna
"Evanston
"Evansville
"Fairbanks
"Fairmont
"Fallon
"Fargo
"Farmington
"Fayetteville
"Fayetteville-Springdale-Rogers
"Fernley
"Flagstaff
"Flint
"Florence
"Florence-Muscle Shoals
"Fond du Lac
"Fort Collins
"Fort Madison-Keokuk
"Fort Payne
"Fort Smith
"Fort Wayne
"Fresno
"Gadsden
"Gaffney
"Gainesville
"Gainesville
"Gardnerville Ranchos
"Georgetown
"Gettysburg
"Gillette
"Glenwood Springs
"Grand Island
"Grand Junction
"Grand Rapids-Wyoming
"Grants Pass
"Great Falls
"Greeley
"Green Bay
"Greenfield Town
"Greensboro-High Point
"Greenville
"Greenville-Anderson-Mauldin
"Greenwood
"Grenada
"Guayama
"Gulfport-Biloxi-Pascagoula
"Hagerstown-Martinsburg
"Hailey
"Hammond
"Hanford-Corcoran
"Harrisburg-Carlisle
"Harrison
"Harrisonburg
"Hartford-West Hartford-East Hartford
"Hattiesburg
"Helena
"Hermiston-Pendleton
"Hickory-Lenoir-Morganton
"Hilo
"Hobbs
"Holland
"Homosassa Springs
"Hot Springs
"Houghton
"Houma-Thibodaux
"Houston-The Woodlands-Sugar Land
"Huntington
"Huntington-Ashland
"Huntsville
"Idaho Falls
"Indiana
"Indianapolis-Carmel-Anderson
"Iowa City
"Ithaca
"Jackson
"Jackson
"Jackson
"Jacksonville
"Jamestown
"Jamestown-Dunkirk-Fredonia
"Janesville-Beloit
"Jasper
"Jefferson City
"Johnstown
"Joplin
"Juneau
"Kahului-Wailuku-Lahaina
"Kalamazoo-Portage
"Kalispell
"Kansas City
"Kapaa
"Keene
"Kennewick-Richland
"Killeen-Temple
"Kingsport-Bristol-Bristol
"Kingsville
"Kinston
"Klamath Falls
"Knoxville
"Kokomo
"La Crosse-Onalaska
"La Grande
"Laconia
"Lafayette
"Lafayette-West Lafayette
"Lake Charles
"Lake City
"Lake Havasu City-Kingman
"Lakeland-Winter Haven
"Lancaster
"Lansing-East Lansing
"Laramie
"Laredo
"Las Cruces
"Las Vegas-Henderson-Paradise
"Lawrenceburg
"Lawton
"Lebanon
"Lewiston
"Lewiston-Auburn
"Lexington
"Lexington-Fayette
"Lima
"Lincoln
"Little Rock-North Little Rock-Conway
"Logan
"Longview
"Longview
"Los Alamos
"Los Angeles-Long Beach-Anaheim
"Louisville/Jefferson County
"Lubbock
"Ludington
"Lynchburg
"Macon
"Madera
"Madison
"Malone
"Manchester-Nashua
"Manitowoc
"Marietta
"Marshall
"Marshall
"Mason City
"McAlester
"McAllen-Edinburg-Mission
"Medford
"Memphis
"Merced
"Meridian
"Miami
"Miami-Fort Lauderdale-West Palm Beach
"Michigan City-La Porte
"Middlesborough
"Milwaukee-Waukesha-West Allis
"Minneapolis-St. Paul-Bloomington
"Missoula
"Mobile
"Modesto
"Monroe
"Monroe
"Montgomery
"Montrose
"Morehead City
"Morgantown
"Morristown
"Moscow
"Moses Lake
"Mount Vernon
"Mount Vernon
"Mount Vernon-Anacortes
"Muncie
"Muscatine
"Muskegon
"Muskogee
"Myrtle Beach-Conway-North Myrtle Beach
"Napa
"Naples-Immokalee-Marco Island
"Nashville-Davidson--Murfreesboro--Franklin
"New Castle
"New Castle
"New Haven-Milford
"New Orleans-Metairie
"New York-Newark-Jersey City
"Niles-Benton Harbor
"Nogales
"North Port-Sarasota-Bradenton
"Norwich-New London
"Ocala
"Odessa
"Ogden-Clearfield
"Oklahoma City
"Olympia-Tumwater
"Omaha-Council Bluffs
"Orlando-Kissimmee-Sanford
"Othello
"Owensboro
"Oxford
"Oxnard-Thousand Oaks-Ventura
"Paducah
"Pahrump
"Palatka
"Palm Bay-Melbourne-Titusville
"Panama City
"Parkersburg-Vienna
"Payson
"Pensacola-Ferry Pass-Brent
"Peoria
"Philadelphia-Camden-Wilmington
"Phoenix-Mesa-Scottsdale
"Pierre
"Pittsburgh
"Pittsfield
"Platteville
"Pocatello
"Ponca City
"Ponce
"Port Angeles
"Port St. Lucie
"Portland-South Portland
"Portland-Vancouver-Hillsboro
"Portsmouth
"Prescott
"Price
"Prineville
"Providence-Warwick
"Provo-Orem
"Pueblo
"Pullman
"Quincy
"Racine
"Raleigh
"Rapid City
"Reading
"Red Bluff
"Red Wing
"Redding
"Reno
"Richmond
"Richmond-Berea
"Riverside-San Bernardino-Ontario
"Riverton
"Roanoke
"Rochester
"Rochester
"Rock Springs
"Rockford
"Rockland
"Rocky Mount
"Rome
"Roseburg
"Roswell
"Ruidoso
"Rutland
"Sacramento--Roseville--Arden-Arcade
"Salem
"Salem
"Salinas
"Salisbury
"Salt Lake City
"San Antonio-New Braunfels
"San Diego-Carlsbad
"San Francisco-Oakland-Hayward
"San Jose-Sunnyvale-Santa Clara
"San Juan-Carolina-Caguas
"San Luis Obispo-Paso Robles-Arroyo Grande
"Sandpoint
"Sanford
"Santa Cruz-Watsonville
"Santa Fe
"Santa Maria-Santa Barbara
"Santa Rosa
"Sault Ste. Marie
"Savannah
"Sayre
"Scottsbluff
"Scranton--Wilkes-Barre--Hazleton
"Seattle-Tacoma-Bellevue
"Sebastian-Vero Beach
"Sebring
"Seneca
"Sevierville
"Seymour
"Sheboygan
"Shelton
"Sheridan
"Show Low
"Shreveport-Bossier City
"Sierra Vista-Douglas
"Sioux City
"Sioux Falls
"Somerset
"Somerset
"Sonora
"South Bend-Mishawaka
"Spartanburg
"Spokane-Spokane Valley
"Springfield
"Springfield
"Springfield
"Springfield
"St. Cloud
"St. George
"St. Joseph
"St. Louis
"St. Marys
"State College
"Steamboat Springs
"Stockton-Lodi
"Summerville
"Syracuse
"Tahlequah
"Talladega-Sylacauga
"Tallahassee
"Tampa-St. Petersburg-Clearwater
"Taos
"Terre Haute
"Texarkana
"The Dalles
"Toledo
"Topeka
"Torrington
"Traverse City
"Trenton
"Truckee-Grass Valley
"Tucson
"Tulsa
"Tupelo
"Tuscaloosa
"Twin Falls
"Tyler
"Ukiah
"Urban Honolulu
"Utica-Rome
"Valdosta
"Vallejo-Fairfield
"Vernal
"Victoria
"Vincennes
"Vineland-Bridgeton
"Vineyard Haven
"Virginia Beach-Norfolk-Newport News
"Visalia-Porterville
"Wabash
"Waco
"Walla Walla
"Walterboro
"Warner Robins
"Washington Court House
"Washington-Arlington-Alexandria
"Waterloo-Cedar Falls
"Watertown
"Watertown-Fort Atkinson
"Watertown-Fort Drum
"Wausau
"Weatherford
"Weirton-Steubenville
"Wenatchee
"Wheeling
"Whitewater-Elkhorn
"Wichita
"Williamsport
"Williston
"Wilmington
"Wilmington
"Winchester
"Winona
"Winston-Salem
"Worcester
"Yakima
"York-Hanover
"Youngstown-Warren-Boardman
"Yuba City
"Yuma
"CBSA"
"Aberdeen
"Aberdeen
"Adjuntas
"Adrian
"Akron
"Albany
"Albany
"Albany-Schenectady-Troy
"Albuquerque
"Alexandria
"Allentown-Bethlehem-Easton
"Altoona
"Amarillo
"Americus
"Anchorage
"Ann Arbor
"Appleton
"Ardmore
"Arkadelphia
"Asheville
"Ashtabula
"Athens
"Athens
"Athens-Clarke County
"Atlanta-Sandy Springs-Roswell
"Atlantic City-Hammonton
"Augusta-Richmond County
"Augusta-Waterville
"Austin-Round Rock
"Bakersfield
"Baltimore-Columbia-Towson
"Bangor
"Baraboo
"Barnstable Town
"Bartlesville
"Baton Rouge
"Bay City
"Beaumont-Port Arthur
"Beaver Dam
"Bellingham
"Bemidji
"Bend-Redmond
"Bennington
"Berlin
"Billings
"Birmingham-Hoover
"Bishop
"Bismarck
"Blacksburg-Christiansburg-Radford
"Bloomington
"Bloomington
"Boise City
"Boston-Cambridge-Newton
"Boulder
"Bowling Green
"Bozeman
"Brainerd
"Branson
"Bremerton-Silverdale
"Bridgeport-Stamford-Norwalk
"Brookings
"Brownsville-Harlingen
"Brunswick
"Buffalo-Cheektowaga-Niagara Falls
"Burlington-South Burlington
"Butte-Silver Bow
"Cadillac
"Cambridge
"Canton-Massillon
"Cape Coral-Fort Myers
"Carlsbad-Artesia
"Carson City
"Casper
"Ca¤on City
"Cedar Rapids
"Centralia
"Chambersburg-Waynesboro
"Champaign-Urbana
"Charleston
"Charleston-North Charleston
"Charlotte-Concord-Gastonia
"Charlottesville
"Chattanooga
"Cheyenne
"Chicago-Naperville-Elgin
"Chico
"Cincinnati
"Claremont-Lebanon
"Clarksburg
"Clarksville
"Clearlake
"Cleveland
"Cleveland-Elyria
"Clinton
"Coeur d'Alene
"Colorado Springs
"Columbia
"Columbia
"Columbus
"Columbus
"Columbus
"Concord
"Cookeville
"Corning
"Corpus Christi
"Corsicana
"Corvallis
"Craig
"Crescent City
"Crestview-Fort Walton Beach-Destin
"Cullowhee
"Dallas-Fort Worth-Arlington
"Dalton
"Daphne-Fairhope-Foley
"Davenport-Moline-Rock Island
"Dayton
"Decatur
"Decatur
"Deltona-Daytona Beach-Ormond Beach
"Deming
"Denver-Aurora-Lakewood
"Des Moines-West Des Moines
"Detroit-Warren-Dearborn
"Dickinson
"Dodge City
"Dothan
"Douglas
"Dover
"DuBois
"Duluth
"Durango
"Durant
"Durham-Chapel Hill
"Dyersburg
"Eagle Pass
"East Stroudsburg
"Eau Claire
"Effingham
"El Centro
"El Dorado
"El Paso
"Elizabethtown-Fort Knox
"Elkhart-Goshen
"Elko
"Ellensburg
"Emporia
"Erie
"Espa¤ola
"Eugene
"Eureka-Arcata-Fortuna
"Evanston
"Evansville
"Fairbanks
"Fairmont
"Fallon
"Fargo
"Farmington
"Fayetteville
"Fayetteville-Springdale-Rogers
"Fernley
"Flagstaff
"Flint
"Florence
"Florence-Muscle Shoals
"Fond du Lac
"Fort Collins
"Fort Madison-Keokuk
"Fort Payne
"Fort Smith
"Fort Wayne
"Fresno
"Gadsden
"Gainesville
"Gainesville
"Gardnerville Ranchos
"Georgetown
"Gettysburg
"Gillette
"Glenwood Springs
"Grand Island
"Grand Junction
"Grand Rapids-Wyoming
"Grants Pass
"Great Falls
"Greeley
"Green Bay
"Greenfield Town
"Greensboro-High Point
"Greenville
"Greenville-Anderson-Mauldin
"Greenwood
"Grenada
"Guayama
"Gulfport-Biloxi-Pascagoula
"Hagerstown-Martinsburg
"Hailey
"Hammond
"Hanford-Corcoran
"Harrisburg-Carlisle
"Harrison
"Harrisonburg
"Hartford-West Hartford-East Hartford
"Hattiesburg
"Helena
"Hermiston-Pendleton
"Hickory-Lenoir-Morganton
"Hilo
"Hobbs
"Holland
"Homosassa Springs
"Hot Springs
"Houghton
"Houma-Thibodaux
"Houston-The Woodlands-Sugar Land
"Huntington
"Huntington-Ashland
"Huntsville
"Idaho Falls
"Indiana
"Indianapolis-Carmel-Anderson
"Iowa City
"Ithaca
"Jackson
"Jackson
"Jackson
"Jacksonville
"Jamestown
"Jamestown-Dunkirk-Fredonia
"Janesville-Beloit
"Jasper
"Jefferson City
"Johnstown
"Joplin
"Juneau
"Kahului-Wailuku-Lahaina
"Kalamazoo-Portage
"Kalispell
"Kansas City
"Kapaa
"Keene
"Kennewick-Richland
"Killeen-Temple
"Kingsport-Bristol-Bristol
"Kingsville
"Kinston
"Klamath Falls
"Knoxville
"Kokomo
"La Crosse-Onalaska
"La Grande
"Laconia
"Lafayette
"Lafayette-West Lafayette
"Lake Charles
"Lake City
"Lake Havasu City-Kingman
"Lakeland-Winter Haven
"Lancaster
"Lansing-East Lansing
"Laramie
"Laredo
"Las Cruces
"Las Vegas-Henderson-Paradise
"Lawrenceburg
"Lawton
"Lebanon
"Lewiston
"Lewiston-Auburn
"Lexington-Fayette
"Lima
"Lincoln
"Little Rock-North Little Rock-Conway
"Logan
"Longview
"Longview
"Los Alamos
"Los Angeles-Long Beach-Anaheim
"Louisville/Jefferson County
"Lubbock
"Ludington
"Lynchburg
"Macon
"Madera
"Madison
"Malone
"Manchester-Nashua
"Manitowoc
"Marietta
"Marshall
"Marshall
"Mason City
"McAlester
"McAllen-Edinburg-Mission
"Medford
"Memphis
"Merced
"Meridian
"Miami
"Miami-Fort Lauderdale-West Palm Beach
"Michigan City-La Porte
"Middlesborough
"Milwaukee-Waukesha-West Allis
"Minneapolis-St. Paul-Bloomington
"Minot
"Missoula
"Mobile
"Modesto
"Monroe
"Monroe
"Montgomery
"Montrose
"Morehead City
"Morgantown
"Morristown
"Moscow
"Moses Lake
"Mount Vernon
"Mount Vernon
"Mount Vernon-Anacortes
"Muncie
"Muscatine
"Muskegon
"Muskogee
"Myrtle Beach-Conway-North Myrtle Beach
"Napa
"Naples-Immokalee-Marco Island
"Nashville-Davidson--Murfreesboro--Franklin
"New Castle
"New Castle
"New Haven-Milford
"New Orleans-Metairie
"New York-Newark-Jersey City
"Niles-Benton Harbor
"Nogales
"North Port-Sarasota-Bradenton
"Norwich-New London
"Ocala
"Odessa
"Ogden-Clearfield
"Oklahoma City
"Olympia-Tumwater
"Omaha-Council Bluffs
"Orlando-Kissimmee-Sanford
"Othello
"Owensboro
"Oxford
"Oxnard-Thousand Oaks-Ventura
"Paducah
"Pahrump
"Palatka
"Palm Bay-Melbourne-Titusville
"Panama City
"Parkersburg-Vienna
"Payson
"Pensacola-Ferry Pass-Brent
"Peoria
"Philadelphia-Camden-Wilmington
"Phoenix-Mesa-Scottsdale
"Pierre
"Pittsburgh
"Pittsfield
"Platteville
"Pocatello
"Ponca City
"Ponce
"Port Angeles
"Port St. Lucie
"Portland-South Portland
"Portland-Vancouver-Hillsboro
"Portsmouth
"Prescott
"Price
"Prineville
"Providence-Warwick
"Provo-Orem
"Pueblo
"Pullman
"Quincy
"Racine
"Raleigh
"Rapid City
"Reading
"Red Bluff
"Red Wing
"Redding
"Reno
"Richmond
"Richmond-Berea
"Riverside-San Bernardino-Ontario
"Riverton
"Roanoke
"Rochester
"Rochester
"Rock Springs
"Rockford
"Rockland
"Rocky Mount
"Rome
"Roseburg
"Roswell
"Ruidoso
"Rutland
"Sacramento--Roseville--Arden-Arcade
"Salem
"Salem
"Salinas
"Salisbury
"Salt Lake City
"San Antonio-New Braunfels
"San Diego-Carlsbad
"San Francisco-Oakland-Hayward
"San Jose-Sunnyvale-Santa Clara
"San Juan-Carolina-Caguas
"San Luis Obispo-Paso Robles-Arroyo Grande
"Sandpoint
"Sanford
"Santa Cruz-Watsonville
"Santa Fe
"Santa Maria-Santa Barbara
"Santa Rosa
"Sault Ste. Marie
"Savannah
"Sayre
"Scottsbluff
"Scranton--Wilkes-Barre--Hazleton
"Seattle-Tacoma-Bellevue
"Sebastian-Vero Beach
"Sebring
"Seneca
"Sevierville
"Seymour
"Sheboygan
"Shelton
"Sheridan
"Show Low
"Shreveport-Bossier City
"Sierra Vista-Douglas
"Sioux City
"Sioux Falls
"Somerset
"Somerset
"Sonora
"South Bend-Mishawaka
"Spartanburg
"Spokane-Spokane Valley
"Springfield
"Springfield
"Springfield
"Springfield
"St. Cloud
"St. George
"St. Joseph
"St. Louis
"St. Marys
"State College
"Steamboat Springs
"Stockton-Lodi
"Summerville
"Syracuse
"Tahlequah
"Talladega-Sylacauga
"Tallahassee
"Tampa-St. Petersburg-Clearwater
"Taos
"Terre Haute
"Texarkana
"The Dalles
"Toledo
"Topeka
"Torrington
"Traverse City
"Trenton
"Truckee-Grass Valley
"Tucson
"Tulsa
"Tupelo
"Tuscaloosa
"Twin Falls
"Tyler
"Ukiah
"Urban Honolulu
"Utica-Rome
"Valdosta
"Vallejo-Fairfield
"Vernal
"Victoria
"Vincennes
"Vineland-Bridgeton
"Vineyard Haven
"Virginia Beach-Norfolk-Newport News
"Visalia-Porterville
"Wabash
"Waco
"Walla Walla
"Walterboro
"Warner Robins
"Washington Court House
"Washington-Arlington-Alexandria
"Waterloo-Cedar Falls
"Watertown
"Watertown-Fort Atkinson
"Watertown-Fort Drum
"Wausau
"Weatherford
"Weirton-Steubenville
"Wenatchee
"Wheeling
"Whitewater-Elkhorn
"Wichita
"Williamsport
"Williston
"Wilmington
"Wilmington
"Winchester
"Winona
"Winston-Salem
"Worcester
"Yakima
"York-Hanover
"Youngstown-Warren-Boardman
"Yuba City
"Yuma
"CBSA"
"Aberdeen
"Aberdeen
"Adjuntas
"Adrian
"Akron
"Albany
"Albany
"Albany-Schenectady-Troy
"Albuquerque
"Alexandria
"Allentown-Bethlehem-Easton
"Altoona
"Amarillo
"Americus
"Anchorage
"Ann Arbor
"Appleton
"Ardmore
"Arkadelphia
"Asheville
"Ashtabula
"Athens
"Athens
"Athens-Clarke County
"Atlanta-Sandy Springs-Roswell
"Atlantic City-Hammonton
"Augusta-Richmond County
"Augusta-Waterville
"Austin-Round Rock
"Bakersfield
"Baltimore-Columbia-Towson
"Bangor
"Baraboo
"Barnstable Town
"Bartlesville
"Baton Rouge
"Bay City
"Beaumont-Port Arthur
"Beaver Dam
"Bellingham
"Bemidji
"Bend-Redmond
"Bennington
"Berlin
"Billings
"Birmingham-Hoover
"Bishop
"Bismarck
"Blacksburg-Christiansburg-Radford
"Bloomington
"Bloomington
"Boise City
"Boston-Cambridge-Newton
"Boulder
"Bowling Green
"Bozeman
"Brainerd
"Branson
"Bremerton-Silverdale
"Bridgeport-Stamford-Norwalk
"Brookings
"Brownsville-Harlingen
"Brunswick
"Buffalo-Cheektowaga-Niagara Falls
"Burlington-South Burlington
"Butte-Silver Bow
"Cadillac
"Cambridge
"Canton-Massillon
"Cape Coral-Fort Myers
"Carlsbad-Artesia
"Carson City
"Casper
"Ca¤on City
"Cedar City
"Cedar Rapids
"Centralia
"Chambersburg-Waynesboro
"Champaign-Urbana
"Charleston
"Charleston-North Charleston
"Charlotte-Concord-Gastonia
"Charlottesville
"Chattanooga
"Cheyenne
"Chicago-Naperville-Elgin
"Chico
"Cincinnati
"Claremont-Lebanon
"Clarksburg
"Clarksville
"Clearlake
"Cleveland
"Cleveland-Elyria
"Clinton
"Coeur d'Alene
"Colorado Springs
"Columbia
"Columbia
"Columbus
"Columbus
"Columbus
"Concord
"Cookeville
"Corning
"Corpus Christi
"Corsicana
"Corvallis
"Craig
"Crescent City
"Crestview-Fort Walton Beach-Destin
"Cullowhee
"Dallas-Fort Worth-Arlington
"Dalton
"Daphne-Fairhope-Foley
"Davenport-Moline-Rock Island
"Dayton
"Decatur
"Decatur
"Deltona-Daytona Beach-Ormond Beach
"Deming
"Denver-Aurora-Lakewood
"Des Moines-West Des Moines
"Detroit-Warren-Dearborn
"Dickinson
"Dodge City
"Dothan
"Douglas
"Dover
"DuBois
"Duluth
"Durango
"Durant
"Durham-Chapel Hill
"Dyersburg
"Eagle Pass
"East Stroudsburg
"Eau Claire
"Effingham
"El Centro
"El Dorado
"El Paso
"Elizabethtown-Fort Knox
"Elkhart-Goshen
"Elko
"Ellensburg
"Emporia
"Erie
"Espa¤ola
"Eugene
"Eureka-Arcata-Fortuna
"Evanston
"Evansville
"Fairbanks
"Fairmont
"Fallon
"Fargo
"Farmington
"Fayetteville
"Fayetteville-Springdale-Rogers
"Fernley
"Flagstaff
"Flint
"Florence
"Florence-Muscle Shoals
"Fond du Lac
"Fort Collins
"Fort Madison-Keokuk
"Fort Payne
"Fort Smith
"Fort Wayne
"Fresno
"Gadsden
"Gainesville
"Gainesville
"Gardnerville Ranchos
"Georgetown
"Gettysburg
"Gillette
"Glenwood Springs
"Grand Island
"Grand Junction
"Grand Rapids-Wyoming
"Grants Pass
"Great Falls
"Greeley
"Green Bay
"Greenfield Town
"Greensboro-High Point
"Greenville
"Greenville-Anderson-Mauldin
"Grenada
"Gulfport-Biloxi-Pascagoula
"Hagerstown-Martinsburg
"Hailey
"Hammond
"Hanford-Corcoran
"Harrisburg-Carlisle
"Harrison
"Harrisonburg
"Hartford-West Hartford-East Hartford
"Hattiesburg
"Helena
"Hermiston-Pendleton
"Hickory-Lenoir-Morganton
"Hilo
"Hobbs
"Holland
"Homosassa Springs
"Hot Springs
"Houghton
"Houma-Thibodaux
"Houston-The Woodlands-Sugar Land
"Huntington
"Huntington-Ashland
"Huntsville
"Idaho Falls
"Indiana
"Indianapolis-Carmel-Anderson
"Iowa City
"Ithaca
"Jackson
"Jackson
"Jackson
"Jacksonville
"Jamestown-Dunkirk-Fredonia
"Janesville-Beloit
"Jasper
"Jefferson City
"Johnstown
"Jonesboro
"Joplin
"Juneau
"Kahului-Wailuku-Lahaina
"Kalamazoo-Portage
"Kalispell
"Kansas City
"Kapaa
"Keene
"Kennewick-Richland
"Killeen-Temple
"Kingsport-Bristol-Bristol
"Kingsville
"Kinston
"Klamath Falls
"Knoxville
"Kokomo
"La Crosse-Onalaska
"La Grande
"Laconia
"Lafayette
"Lafayette-West Lafayette
"Lake Charles
"Lake City
"Lake Havasu City-Kingman
"Lakeland-Winter Haven
"Lancaster
"Lansing-East Lansing
"Laramie
"Laredo
"Las Cruces
"Las Vegas-Henderson-Paradise
"Lawrenceburg
"Lawton
"Lebanon
"Lewiston
"Lewiston-Auburn
"Lexington-Fayette
"Lima
"Lincoln
"Little Rock-North Little Rock-Conway
"Logan
"Longview
"Longview
"Los Alamos
"Los Angeles-Long Beach-Anaheim
"Louisville/Jefferson County
"Lubbock
"Ludington
"Lynchburg
"Macon
"Madera
"Madison
"Manchester-Nashua
"Manitowoc
"Marietta
"Marshall
"Marshall
"Mason City
"McAlester
"McAllen-Edinburg-Mission
"Medford
"Memphis
"Merced
"Meridian
"Miami
"Miami-Fort Lauderdale-West Palm Beach
"Michigan City-La Porte
"Middlesborough
"Milwaukee-Waukesha-West Allis
"Minneapolis-St. Paul-Bloomington
"Minot
"Missoula
"Mobile
"Modesto
"Monroe
"Monroe
"Montgomery
"Montrose
"Morehead City
"Morgantown
"Morristown
"Moscow
"Moses Lake
"Mount Vernon
"Mount Vernon
"Mount Vernon-Anacortes
"Muncie
"Muscatine
"Muskegon
"Muskogee
"Myrtle Beach-Conway-North Myrtle Beach
"Napa
"Naples-Immokalee-Marco Island
"Nashville-Davidson--Murfreesboro--Franklin
"New Castle
"New Castle
"New Haven-Milford
"New Orleans-Metairie
"New York-Newark-Jersey City
"Niles-Benton Harbor
"Nogales
"North Port-Sarasota-Bradenton
"Norwich-New London
"Ocala
"Odessa
"Ogden-Clearfield
"Oklahoma City
"Olympia-Tumwater
"Omaha-Council Bluffs
"Orlando-Kissimmee-Sanford
"Othello
"Owensboro
"Oxford
"Oxnard-Thousand Oaks-Ventura
"Paducah
"Pahrump
"Palatka
"Palm Bay-Melbourne-Titusville
"Panama City
"Parkersburg-Vienna
"Payson
"Pensacola-Ferry Pass-Brent
"Peoria
"Philadelphia-Camden-Wilmington
"Phoenix-Mesa-Scottsdale
"Pierre
"Pittsburgh
"Pittsfield
"Platteville
"Pocatello
"Ponca City
"Ponce
"Port Angeles
"Port St. Lucie
"Portland-South Portland
"Portland-Vancouver-Hillsboro
"Portsmouth
"Prescott
"Price
"Prineville
"Providence-Warwick
"Provo-Orem
"Pueblo
"Pullman
"Quincy
"Racine
"Raleigh
"Rapid City
"Reading
"Red Bluff
"Red Wing
"Redding
"Reno
"Richmond
"Riverside-San Bernardino-Ontario
"Riverton
"Roanoke
"Rochester
"Rochester
"Rock Springs
"Rockford
"Rockland
"Rocky Mount
"Rome
"Roseburg
"Roswell
"Ruidoso
"Rutland
"Sacramento--Roseville--Arden-Arcade
"Salem
"Salem
"Salinas
"Salisbury
"Salt Lake City
"San Antonio-New Braunfels
"San Diego-Carlsbad
"San Francisco-Oakland-Hayward
"San Jose-Sunnyvale-Santa Clara
"San Juan-Carolina-Caguas
"San Luis Obispo-Paso Robles-Arroyo Grande
"Sandpoint
"Sanford
"Santa Cruz-Watsonville
"Santa Fe
"Santa Maria-Santa Barbara
"Santa Rosa
"Sault Ste. Marie
"Savannah
"Sayre
"Scottsbluff
"Scranton--Wilkes-Barre--Hazleton
"Seattle-Tacoma-Bellevue
"Sebastian-Vero Beach
"Sebring
"Seneca
"Sevierville
"Seymour
"Sheboygan
"Shelton
"Sheridan
"Show Low
"Shreveport-Bossier City
"Sierra Vista-Douglas
"Sioux City
"Sioux Falls
"Somerset
"Somerset
"Sonora
"South Bend-Mishawaka
"Spartanburg
"Spokane-Spokane Valley
"Springfield
"Springfield
"Springfield
"Springfield
"St. Cloud
"St. George
"St. Joseph
"St. Louis
"St. Marys
"State College
"Steamboat Springs
"Stockton-Lodi
"Summerville
"Syracuse
"Tallahassee
"Tampa-St. Petersburg-Clearwater
"Taos
"Terre Haute
"Texarkana
"The Dalles
"Toledo
"Topeka
"Torrington
"Traverse City
"Trenton
"Truckee-Grass Valley
"Tucson
"Tulsa
"Tupelo
"Tuscaloosa
"Twin Falls
"Tyler
"Ukiah
"Urban Honolulu
"Utica-Rome
"Valdosta
"Vallejo-Fairfield
"Vernal
"Victoria
"Vincennes
"Vineland-Bridgeton
"Vineyard Haven
"Virginia Beach-Norfolk-Newport News
"Visalia-Porterville
"Wabash
"Waco
"Walla Walla
"Walterboro
"Warner Robins
"Washington Court House
"Washington-Arlington-Alexandria
"Waterloo-Cedar Falls
"Watertown
"Watertown-Fort Atkinson
"Watertown-Fort Drum
"Wausau
"Weatherford
"Weirton-Steubenville
"Wenatchee
"Wheeling
"Whitewater-Elkhorn
"Wichita
"Williamsport
"Williston
"Wilmington
"Wilmington
"Winchester
"Winona
"Winston-Salem
"Worcester
"Yakima
"York-Hanover
"Youngstown-Warren-Boardman
"Yuba City
"Yuma
"CBSA"
"Aberdeen
"Aberdeen
"Adjuntas
"Adrian
"Akron
"Albany
"Albany
"Albany-Schenectady-Troy
"Albuquerque
"Alexandria
"Allentown-Bethlehem-Easton
"Altoona
"Amarillo
"Americus
"Anchorage
"Ann Arbor
"Appleton
"Ardmore
"Arkadelphia
"Asheville
"Ashtabula
"Athens
"Athens
"Athens-Clarke County
"Atlanta-Sandy Springs-Roswell
"Atlantic City-Hammonton
"Augusta-Richmond County
"Augusta-Waterville
"Austin-Round Rock
"Bakersfield
"Baltimore-Columbia-Towson
"Bangor
"Baraboo
"Barnstable Town
"Baton Rouge
"Bay City
"Beaumont-Port Arthur
"Beaver Dam
"Bellingham
"Bemidji
"Bend-Redmond
"Bennington
"Berlin
"Billings
"Birmingham-Hoover
"Bishop
"Bismarck
"Blacksburg-Christiansburg-Radford
"Bloomington
"Bloomington
"Boise City
"Boston-Cambridge-Newton
"Boulder
"Bowling Green
"Bozeman
"Brainerd
"Branson
"Bremerton-Silverdale
"Bridgeport-Stamford-Norwalk
"Brookings
"Brownsville-Harlingen
"Brunswick
"Buffalo-Cheektowaga-Niagara Falls
"Burlington-South Burlington
"Butte-Silver Bow
"Cadillac
"Cambridge
"Canton-Massillon
"Cape Coral-Fort Myers
"Carlsbad-Artesia
"Carson City
"Casper
"Ca¤on City
"Cedar City
"Cedar Rapids
"Centralia
"Chambersburg-Waynesboro
"Champaign-Urbana
"Charleston
"Charleston-North Charleston
"Charlotte-Concord-Gastonia
"Charlottesville
"Chattanooga
"Cheyenne
"Chicago-Naperville-Elgin
"Chico
"Cincinnati
"Claremont-Lebanon
"Clarksburg
"Clarksville
"Clearlake
"Cleveland
"Cleveland-Elyria
"Clinton
"Coeur d'Alene
"Colorado Springs
"Columbia
"Columbia
"Columbus
"Columbus
"Columbus
"Concord
"Cookeville
"Coos Bay
"Corning
"Corpus Christi
"Corsicana
"Corvallis
"Crescent City
"Crestview-Fort Walton Beach-Destin
"Cullowhee
"Dallas-Fort Worth-Arlington
"Dalton
"Daphne-Fairhope-Foley
"Davenport-Moline-Rock Island
"Dayton
"Decatur
"Decatur
"Deltona-Daytona Beach-Ormond Beach
"Deming
"Denver-Aurora-Lakewood
"Des Moines-West Des Moines
"Detroit-Warren-Dearborn
"Dickinson
"Dodge City
"Dothan
"Douglas
"Dover
"DuBois
"Duluth
"Durango
"Durham-Chapel Hill
"Dyersburg
"Eagle Pass
"East Stroudsburg
"Eau Claire
"Effingham
"El Centro
"El Dorado
"El Paso
"Elizabethtown-Fort Knox
"Elkhart-Goshen
"Elko
"Ellensburg
"Emporia
"Erie
"Espa¤ola
"Eugene
"Eureka-Arcata-Fortuna
"Evanston
"Evansville
"Fairbanks
"Fairmont
"Fallon
"Fargo
"Farmington
"Fayetteville
"Fayetteville-Springdale-Rogers
"Fernley
"Flagstaff
"Flint
"Florence
"Florence-Muscle Shoals
"Fond du Lac
"Fort Collins
"Fort Madison-Keokuk
"Fort Payne
"Fort Smith
"Fort Wayne
"Fresno
"Gadsden
"Gainesville
"Gainesville
"Gardnerville Ranchos
"Georgetown
"Gettysburg
"Gillette
"Glenwood Springs
"Grand Island
"Grand Junction
"Grand Rapids-Wyoming
"Grants Pass
"Great Falls
"Greeley
"Green Bay
"Greenfield Town
"Greensboro-High Point
"Greenville
"Greenville-Anderson-Mauldin
"Guayama
"Gulfport-Biloxi-Pascagoula
"Hagerstown-Martinsburg
"Hailey
"Hammond
"Hanford-Corcoran
"Harrisburg-Carlisle
"Harrison
"Harrisonburg
"Hartford-West Hartford-East Hartford
"Hattiesburg
"Helena
"Hermiston-Pendleton
"Hickory-Lenoir-Morganton
"Hilo
"Hobbs
"Holland
"Homosassa Springs
"Hot Springs
"Houghton
"Houma-Thibodaux
"Houston-The Woodlands-Sugar Land
"Huntington
"Huntington-Ashland
"Huntsville
"Idaho Falls
"Indiana
"Indianapolis-Carmel-Anderson
"Iowa City
"Ithaca
"Jackson
"Jackson
"Jackson
"Jacksonville
"Jamestown-Dunkirk-Fredonia
"Janesville-Beloit
"Jasper
"Jefferson City
"Johnstown
"Jonesboro
"Joplin
"Juneau
"Kahului-Wailuku-Lahaina
"Kalamazoo-Portage
"Kalispell
"Kansas City
"Kapaa
"Keene
"Kennewick-Richland
"Killeen-Temple
"Kingsport-Bristol-Bristol
"Kingsville
"Kinston
"Klamath Falls
"Knoxville
"Kokomo
"La Crosse-Onalaska
"La Grande
"Laconia
"Lafayette
"Lafayette-West Lafayette
"Lake Charles
"Lake City
"Lake Havasu City-Kingman
"Lakeland-Winter Haven
"Lancaster
"Lansing-East Lansing
"Laramie
"Laredo
"Las Cruces
"Las Vegas-Henderson-Paradise
"Lawrenceburg
"Lawton
"Lebanon
"Lewiston
"Lewiston-Auburn
"Lexington-Fayette
"Lima
"Lincoln
"Little Rock-North Little Rock-Conway
"Logan
"Longview
"Longview
"Los Alamos
"Los Angeles-Long Beach-Anaheim
"Louisville/Jefferson County
"Lubbock
"Ludington
"Lynchburg
"Macon
"Madera
"Madison
"Malone
"Manchester-Nashua
"Manitowoc
"Marietta
"Marshall
"Marshall
"Mason City
"Mayaguez
"McAlester
"McAllen-Edinburg-Mission
"Medford
"Memphis
"Merced
"Meridian
"Miami
"Miami-Fort Lauderdale-West Palm Beach
"Michigan City-La Porte
"Middlesborough
"Milwaukee-Waukesha-West Allis
"Minneapolis-St. Paul-Bloomington
"Minot
"Missoula
"Mobile
"Modesto
"Monroe
"Monroe
"Montgomery
"Morehead City
"Morgantown
"Morristown
"Moscow
"Moses Lake
"Mount Vernon
"Mount Vernon
"Mount Vernon-Anacortes
"Muncie
"Muscatine
"Muskegon
"Muskogee
"Myrtle Beach-Conway-North Myrtle Beach
"Napa
"Naples-Immokalee-Marco Island
"Nashville-Davidson--Murfreesboro--Franklin
"New Castle
"New Castle
"New Haven-Milford
"New Orleans-Metairie
"New York-Newark-Jersey City
"Niles-Benton Harbor
"Nogales
"North Port-Sarasota-Bradenton
"Norwich-New London
"Ocala
"Odessa
"Ogden-Clearfield
"Oklahoma City
"Olympia-Tumwater
"Omaha-Council Bluffs
"Orlando-Kissimmee-Sanford
"Othello
"Owensboro
"Oxford
"Oxnard-Thousand Oaks-Ventura
"Paducah
"Pahrump
"Palatka
"Palm Bay-Melbourne-Titusville
"Panama City
"Parkersburg-Vienna
"Payson
"Pensacola-Ferry Pass-Brent
"Peoria
"Philadelphia-Camden-Wilmington
"Phoenix-Mesa-Scottsdale
"Pierre
"Pittsburgh
"Pittsfield
"Platteville
"Pocatello
"Ponca City
"Ponce
"Port Angeles
"Port St. Lucie
"Portland-South Portland
"Portland-Vancouver-Hillsboro
"Portsmouth
"Prescott
"Price
"Prineville
"Providence-Warwick
"Provo-Orem
"Pueblo
"Pullman
"Quincy
"Racine
"Raleigh
"Rapid City
"Reading
"Red Bluff
"Red Wing
"Redding
"Reno
"Richmond
"Riverside-San Bernardino-Ontario
"Riverton
"Roanoke Rapids
"Roanoke
"Rochester
"Rochester
"Rock Springs
"Rockford
"Rockland
"Rocky Mount
"Rome
"Roseburg
"Roswell
"Ruidoso
"Rutland
"Sacramento--Roseville--Arden-Arcade
"Salem
"Salem
"Salinas
"Salisbury
"Salt Lake City
"San Antonio-New Braunfels
"San Diego-Carlsbad
"San Francisco-Oakland-Hayward
"San Jose-Sunnyvale-Santa Clara
"San Juan-Carolina-Caguas
"San Luis Obispo-Paso Robles-Arroyo Grande
"Sandpoint
"Santa Cruz-Watsonville
"Santa Fe
"Santa Maria-Santa Barbara
"Santa Rosa
"Sault Ste. Marie
"Savannah
"Sayre
"Scottsbluff
"Scranton--Wilkes-Barre--Hazleton
"Seattle-Tacoma-Bellevue
"Sebastian-Vero Beach
"Sebring
"Seneca
"Sevierville
"Seymour
"Sheboygan
"Shelton
"Sheridan
"Show Low
"Shreveport-Bossier City
"Sierra Vista-Douglas
"Sioux City
"Sioux Falls
"Somerset
"Somerset
"Sonora
"South Bend-Mishawaka
"Spartanburg
"Spokane-Spokane Valley
"Springfield
"Springfield
"Springfield
"Springfield
"St. Cloud
"St. George
"St. Joseph
"St. Louis
"St. Marys
"State College
"Steamboat Springs
"Stockton-Lodi
"Summerville
"Syracuse
"Tallahassee
"Tampa-St. Petersburg-Clearwater
"Taos
"Terre Haute
"Texarkana
"The Dalles
"Toledo
"Topeka
"Torrington
"Traverse City
"Trenton
"Truckee-Grass Valley
"Tucson
"Tulsa
"Tupelo
"Tuscaloosa
"Twin Falls
"Tyler
"Ukiah
"Urban Honolulu
"Utica-Rome
"Valdosta
"Vallejo-Fairfield
"Vernal
"Victoria
"Vincennes
"Vineland-Bridgeton
"Vineyard Haven
"Virginia Beach-Norfolk-Newport News
"Visalia-Porterville
"Wabash
"Waco
"Walla Walla
"Walterboro
"Warner Robins
"Washington Court House
"Washington-Arlington-Alexandria
"Waterloo-Cedar Falls
"Watertown
"Watertown-Fort Atkinson
"Watertown-Fort Drum
"Wausau
"Weatherford
"Weirton-Steubenville
"Wenatchee
"Wheeling
"Whitewater-Elkhorn
"Wichita
"Williamsport
"Williston
"Wilmington
"Wilmington
"Winchester
"Winona
"Winston-Salem
"Worcester
"Yakima
"York-Hanover
"Youngstown-Warren-Boardman
"Yuba City
"Yuma
"CBSA"
"Aberdeen
"Aberdeen
"Adjuntas
"Adrian
"Akron
"Albany
"Albany
"Albany-Schenectady-Troy
"Albuquerque
"Alexandria
"Allentown-Bethlehem-Easton
"Altoona
"Amarillo
"Americus
"Anchorage
"Ann Arbor
"Appleton
"Ardmore
"Arkadelphia
"Asheville
"Ashtabula
"Athens
"Athens
"Athens-Clarke County
"Atlanta-Sandy Springs-Roswell
"Atlantic City-Hammonton
"Augusta-Richmond County
"Augusta-Waterville
"Austin-Round Rock
"Bakersfield
"Baltimore-Columbia-Towson
"Bangor
"Baraboo
"Barnstable Town
"Bartlesville
"Baton Rouge
"Bay City
"Beaumont-Port Arthur
"Beaver Dam
"Bellingham
"Bemidji
"Bend-Redmond
"Bennington
"Berlin
"Billings
"Birmingham-Hoover
"Bishop
"Bismarck
"Blacksburg-Christiansburg-Radford
"Bloomington
"Bloomington
"Boise City
"Boston-Cambridge-Newton
"Boulder
"Bowling Green
"Bozeman
"Brainerd
"Branson
"Bremerton-Silverdale
"Bridgeport-Stamford-Norwalk
"Brookings
"Brownsville-Harlingen
"Brunswick
"Buffalo-Cheektowaga-Niagara Falls
"Burlington-South Burlington
"Butte-Silver Bow
"Cadillac
"Cambridge
"Canton-Massillon
"Cape Coral-Fort Myers
"Carlsbad-Artesia
"Carson City
"Casper
"Ca¤on City
"Cedar City
"Cedar Rapids
"Centralia
"Chambersburg-Waynesboro
"Champaign-Urbana
"Charleston
"Charleston-North Charleston
"Charlotte-Concord-Gastonia
"Charlottesville
"Chattanooga
"Cheyenne
"Chicago-Naperville-Elgin
"Chico
"Cincinnati
"Claremont-Lebanon
"Clarksburg
"Clarksville
"Clearlake
"Cleveland
"Cleveland-Elyria
"Clinton
"Coeur d'Alene
"College Station-Bryan
"Colorado Springs
"Columbia
"Columbia
"Columbus
"Columbus
"Columbus
"Concord
"Cookeville
"Corning
"Corpus Christi
"Corsicana
"Corvallis
"Crescent City
"Crestview-Fort Walton Beach-Destin
"Cullowhee
"Dallas-Fort Worth-Arlington
"Dalton
"Daphne-Fairhope-Foley
"Davenport-Moline-Rock Island
"Dayton
"Decatur
"Decatur
"Deltona-Daytona Beach-Ormond Beach
"Deming
"Denver-Aurora-Lakewood
"Des Moines-West Des Moines
"Detroit-Warren-Dearborn
"Dickinson
"Dodge City
"Douglas
"Dover
"DuBois
"Duluth
"Durango
"Durham-Chapel Hill
"Dyersburg
"Eagle Pass
"East Stroudsburg
"Eau Claire
"Effingham
"El Centro
"El Dorado
"El Paso
"Elizabethtown-Fort Knox
"Elkhart-Goshen
"Elko
"Ellensburg
"Emporia
"Erie
"Espa¤ola
"Eugene
"Eureka-Arcata-Fortuna
"Evanston
"Evansville
"Fairbanks
"Fairmont
"Fallon
"Fargo
"Farmington
"Fayetteville
"Fayetteville-Springdale-Rogers
"Fernley
"Flagstaff
"Flint
"Florence
"Fond du Lac
"Fort Collins
"Fort Madison-Keokuk
"Fort Payne
"Fort Smith
"Fort Wayne
"Fresno
"Gadsden
"Gainesville
"Gainesville
"Gardnerville Ranchos
"Gettysburg
"Gillette
"Glenwood Springs
"Grand Island
"Grand Junction
"Grand Rapids-Wyoming
"Grants Pass
"Great Falls
"Greeley
"Green Bay
"Greenfield Town
"Greensboro-High Point
"Greenville
"Greenville-Anderson-Mauldin
"Guayama
"Gulfport-Biloxi-Pascagoula
"Hagerstown-Martinsburg
"Hailey
"Hammond
"Hanford-Corcoran
"Harrisburg-Carlisle
"Harrison
"Harrisonburg
"Hartford-West Hartford-East Hartford
"Hattiesburg
"Helena
"Hermiston-Pendleton
"Hickory-Lenoir-Morganton
"Hilo
"Hobbs
"Holland
"Homosassa Springs
"Hot Springs
"Houghton
"Houma-Thibodaux
"Houston-The Woodlands-Sugar Land
"Huntington-Ashland
"Huntsville
"Idaho Falls
"Indiana
"Indianapolis-Carmel-Anderson
"Iowa City
"Ithaca
"Jackson
"Jackson
"Jackson
"Jacksonville
"Jamestown-Dunkirk-Fredonia
"Janesville-Beloit
"Jasper
"Jefferson City
"Johnstown
"Joplin
"Juneau
"Kahului-Wailuku-Lahaina
"Kalamazoo-Portage
"Kalispell
"Kansas City
"Kapaa
"Keene
"Kennewick-Richland
"Killeen-Temple
"Kingsport-Bristol-Bristol
"Kingsville
"Kinston
"Klamath Falls
"Knoxville
"Kokomo
"La Crosse-Onalaska
"La Grande
"Laconia
"Lafayette
"Lafayette-West Lafayette
"Lake Charles
"Lake City
"Lake Havasu City-Kingman
"Lakeland-Winter Haven
"Lancaster
"Lansing-East Lansing
"Laramie
"Laredo
"Las Cruces
"Las Vegas-Henderson-Paradise
"Lawrenceburg
"Lawton
"Lebanon
"Lewiston
"Lewiston-Auburn
"Lexington-Fayette
"Lima
"Lincoln
"Little Rock-North Little Rock-Conway
"Logan
"Longview
"Longview
"Los Alamos
"Los Angeles-Long Beach-Anaheim
"Louisville/Jefferson County
"Lubbock
"Ludington
"Lynchburg
"Macon
"Madera
"Madison
"Manchester-Nashua
"Manitowoc
"Marietta
"Marshall
"Marshall
"Mason City
"Mayaguez
"McAlester
"McAllen-Edinburg-Mission
"Medford
"Memphis
"Merced
"Meridian
"Miami
"Miami-Fort Lauderdale-West Palm Beach
"Michigan City-La Porte
"Middlesborough
"Milwaukee-Waukesha-West Allis
"Minneapolis-St. Paul-Bloomington
"Minot
"Missoula
"Mobile
"Modesto
"Monroe
"Monroe
"Montgomery
"Morehead City
"Morgantown
"Morristown
"Moscow
"Moses Lake
"Mount Vernon
"Mount Vernon
"Mount Vernon-Anacortes
"Muncie
"Muscatine
"Muskegon
"Myrtle Beach-Conway-North Myrtle Beach
"Napa
"Naples-Immokalee-Marco Island
"Nashville-Davidson--Murfreesboro--Franklin
"New Castle
"New Castle
"New Haven-Milford
"New Orleans-Metairie
"New York-Newark-Jersey City
"Niles-Benton Harbor
"Nogales
"North Port-Sarasota-Bradenton
"Norwich-New London
"Ocala
"Odessa
"Ogden-Clearfield
"Oklahoma City
"Olympia-Tumwater
"Omaha-Council Bluffs
"Orlando-Kissimmee-Sanford
"Othello
"Owensboro
"Oxford
"Oxnard-Thousand Oaks-Ventura
"Paducah
"Pahrump
"Palatka
"Palm Bay-Melbourne-Titusville
"Panama City
"Parkersburg-Vienna
"Payson
"Pensacola-Ferry Pass-Brent
"Peoria
"Philadelphia-Camden-Wilmington
"Phoenix-Mesa-Scottsdale
"Pierre
"Pittsburgh
"Pittsfield
"Platteville
"Pocatello
"Ponca City
"Ponce
"Port Angeles
"Port St. Lucie
"Portland-South Portland
"Portland-Vancouver-Hillsboro
"Portsmouth
"Prescott
"Price
"Prineville
"Providence-Warwick
"Provo-Orem
"Pueblo
"Pullman
"Quincy
"Racine
"Raleigh
"Rapid City
"Reading
"Red Bluff
"Red Wing
"Redding
"Reno
"Richmond
"Riverside-San Bernardino-Ontario
"Riverton
"Roanoke Rapids
"Roanoke
"Rochester
"Rochester
"Rock Springs
"Rockford
"Rockland
"Rocky Mount
"Rome
"Roseburg
"Roswell
"Ruidoso
"Rutland
"Sacramento--Roseville--Arden-Arcade
"Salem
"Salem
"Salinas
"Salisbury
"Salt Lake City
"San Antonio-New Braunfels
"San Diego-Carlsbad
"San Francisco-Oakland-Hayward
"San Jose-Sunnyvale-Santa Clara
"San Juan-Carolina-Caguas
"San Luis Obispo-Paso Robles-Arroyo Grande
"Sandpoint
"Santa Cruz-Watsonville
"Santa Fe
"Santa Maria-Santa Barbara
"Santa Rosa
"Savannah
"Sayre
"Scottsbluff
"Scranton--Wilkes-Barre--Hazleton
"Seattle-Tacoma-Bellevue
"Sebastian-Vero Beach
"Sebring
"Sevierville
"Sheboygan
"Shelton
"Sheridan
"Show Low
"Shreveport-Bossier City
"Sierra Vista-Douglas
"Sioux City
"Sioux Falls
"Somerset
"Somerset
"Sonora
"South Bend-Mishawaka
"Spartanburg
"Spokane-Spokane Valley
"Springfield
"Springfield
"Springfield
"Springfield
"St. Cloud
"St. George
"St. Joseph
"St. Louis
"St. Marys
"State College
"Steamboat Springs
"Stockton-Lodi
"Summerville
"Syracuse
"Tallahassee
"Tampa-St. Petersburg-Clearwater
"Taos
"Terre Haute
"Texarkana
"The Dalles
"Toledo
"Topeka
"Torrington
"Traverse City
"Trenton
"Truckee-Grass Valley
"Tucson
"Tulsa
"Tupelo
"Tuscaloosa
"Twin Falls
"Tyler
"Ukiah
"Urban Honolulu
"Utica-Rome
"Valdosta
"Vallejo-Fairfield
"Vernal
"Victoria
"Vincennes
"Vineland-Bridgeton
"Vineyard Haven
"Virginia Beach-Norfolk-Newport News
"Visalia-Porterville
"Wabash
"Waco
"Walla Walla
"Warner Robins
"Washington Court House
"Washington-Arlington-Alexandria
"Waterloo-Cedar Falls
"Watertown
"Watertown-Fort Atkinson
"Watertown-Fort Drum
"Wausau
"Weirton-Steubenville
"Wenatchee
"Wheeling
"Whitewater-Elkhorn
"Wichita
"Williamsport
"Wilmington
"Wilmington
"Winchester
"Winona
"Winston-Salem
"Worcester
"Yakima
"York-Hanover
"Youngstown-Warren-Boardman
"Yuba City
"Yuma
"CBSA"
"Aberdeen
"Aberdeen
"Adjuntas
"Adrian
"Akron
"Albany
"Albany
"Albany-Schenectady-Troy
"Albuquerque
"Alexandria
"Allentown-Bethlehem-Easton
"Altoona
"Amarillo
"Americus
"Anchorage
"Ann Arbor
"Appleton
"Ardmore
"Arkadelphia
"Asheville
"Ashtabula
"Athens
"Athens
"Athens-Clarke County
"Atlanta-Sandy Springs-Roswell
"Atlantic City-Hammonton
"Augusta-Richmond County
"Augusta-Waterville
"Austin-Round Rock
"Bakersfield
"Baltimore-Columbia-Towson
"Bangor
"Baraboo
"Barnstable Town
"Bartlesville
"Baton Rouge
"Bay City
"Beatrice
"Beaumont-Port Arthur
"Beaver Dam
"Bellingham
"Bemidji
"Bend-Redmond
"Bennington
"Berlin
"Billings
"Birmingham-Hoover
"Bishop
"Bismarck
"Blacksburg-Christiansburg-Radford
"Bloomington
"Bloomington
"Boise City
"Boston-Cambridge-Newton
"Boulder
"Bowling Green
"Bozeman
"Brainerd
"Branson
"Bremerton-Silverdale
"Bridgeport-Stamford-Norwalk
"Brookings
"Brownsville-Harlingen
"Brunswick
"Buffalo-Cheektowaga-Niagara Falls
"Burlington-South Burlington
"Butte-Silver Bow
"Cadillac
"Cambridge
"Canton-Massillon
"Cape Coral-Fort Myers
"Carlsbad-Artesia
"Carson City
"Casper
"Ca¤on City
"Cedar City
"Cedar Rapids
"Centralia
"Chambersburg-Waynesboro
"Champaign-Urbana
"Charleston
"Charleston-North Charleston
"Charlotte-Concord-Gastonia
"Charlottesville
"Chattanooga
"Cheyenne
"Chicago-Naperville-Elgin
"Chico
"Cincinnati
"Claremont-Lebanon
"Clarksburg
"Clarksville
"Clearlake
"Cleveland
"Cleveland-Elyria
"Clinton
"Coeur d'Alene
"College Station-Bryan
"Colorado Springs
"Columbia
"Columbia
"Columbus
"Columbus
"Columbus
"Concord
"Cookeville
"Corning
"Corpus Christi
"Corsicana
"Corvallis
"Crescent City
"Crestview-Fort Walton Beach-Destin
"Cullowhee
"Dallas-Fort Worth-Arlington
"Dalton
"Danville
"Daphne-Fairhope-Foley
"Davenport-Moline-Rock Island
"Dayton
"Decatur
"Decatur
"Deltona-Daytona Beach-Ormond Beach
"Deming
"Denver-Aurora-Lakewood
"Des Moines-West Des Moines
"Detroit-Warren-Dearborn
"Dickinson
"Dodge City
"Douglas
"Dover
"DuBois
"Duluth
"Durango
"Durham-Chapel Hill
"Dyersburg
"Eagle Pass
"East Stroudsburg
"Eau Claire
"Effingham
"El Centro
"El Dorado
"El Paso
"Elizabethtown-Fort Knox
"Elkhart-Goshen
"Elko
"Ellensburg
"Emporia
"Erie
"Espa¤ola
"Eugene
"Eureka-Arcata-Fortuna
"Evanston
"Evansville
"Fairbanks
"Fairmont
"Fallon
"Fargo
"Farmington
"Fayetteville
"Fayetteville-Springdale-Rogers
"Fernley
"Flagstaff
"Flint
"Florence
"Fond du Lac
"Fort Collins
"Fort Madison-Keokuk
"Fort Payne
"Fort Smith
"Fort Wayne
"Fresno
"Gadsden
"Gainesville
"Gainesville
"Gardnerville Ranchos
"Gettysburg
"Gillette
"Glenwood Springs
"Grand Island
"Grand Junction
"Grand Rapids-Wyoming
"Grants Pass
"Great Falls
"Greeley
"Green Bay
"Greenfield Town
"Greensboro-High Point
"Greenville
"Greenville-Anderson-Mauldin
"Guayama
"Gulfport-Biloxi-Pascagoula
"Hagerstown-Martinsburg
"Hailey
"Hammond
"Hanford-Corcoran
"Harrisburg-Carlisle
"Harrison
"Harrisonburg
"Hartford-West Hartford-East Hartford
"Hattiesburg
"Helena
"Hermiston-Pendleton
"Hickory-Lenoir-Morganton
"Hilo
"Hobbs
"Holland
"Homosassa Springs
"Hot Springs
"Houghton
"Houma-Thibodaux
"Houston-The Woodlands-Sugar Land
"Huntington-Ashland
"Huntsville
"Idaho Falls
"Indiana
"Indianapolis-Carmel-Anderson
"Iowa City
"Ithaca
"Jackson
"Jackson
"Jackson
"Jacksonville
"Jamestown-Dunkirk-Fredonia
"Janesville-Beloit
"Jasper
"Jefferson City
"Johnstown
"Joplin
"Juneau
"Kahului-Wailuku-Lahaina
"Kalamazoo-Portage
"Kalispell
"Kansas City
"Kapaa
"Keene
"Kennewick-Richland
"Killeen-Temple
"Kingsport-Bristol-Bristol
"Kingsville
"Kinston
"Klamath Falls
"Knoxville
"Kokomo
"La Crosse-Onalaska
"La Grande
"Laconia
"Lafayette
"Lafayette-West Lafayette
"Lake Charles
"Lake City
"Lake Havasu City-Kingman
"Lakeland-Winter Haven
"Lancaster
"Lansing-East Lansing
"Laramie
"Laredo
"Las Cruces
"Las Vegas-Henderson-Paradise
"Lawrenceburg
"Lawton
"Lebanon
"Lewiston
"Lewiston-Auburn
"Lexington-Fayette
"Lima
"Lincoln
"Little Rock-North Little Rock-Conway
"Logan
"Longview
"Longview
"Los Alamos
"Los Angeles-Long Beach-Anaheim
"Louisville/Jefferson County
"Lubbock
"Ludington
"Lynchburg
"Macon
"Madera
"Madison
"Manchester-Nashua
"Manitowoc
"Marietta
"Marshall
"Marshall
"Mason City
"Mayaguez
"McAlester
"McAllen-Edinburg-Mission
"Medford
"Memphis
"Merced
"Meridian
"Miami
"Miami-Fort Lauderdale-West Palm Beach
"Michigan City-La Porte
"Middlesborough
"Milwaukee-Waukesha-West Allis
"Minneapolis-St. Paul-Bloomington
"Minot
"Missoula
"Mobile
"Modesto
"Monroe
"Monroe
"Montgomery
"Morehead City
"Morgantown
"Morristown
"Moscow
"Moses Lake
"Mount Vernon
"Mount Vernon
"Mount Vernon-Anacortes
"Muncie
"Muscatine
"Muskegon
"Myrtle Beach-Conway-North Myrtle Beach
"Napa
"Naples-Immokalee-Marco Island
"Nashville-Davidson--Murfreesboro--Franklin
"New Castle
"New Castle
"New Haven-Milford
"New Orleans-Metairie
"New York-Newark-Jersey City
"Niles-Benton Harbor
"Nogales
"North Port-Sarasota-Bradenton
"Norwich-New London
"Ocala
"Odessa
"Ogden-Clearfield
"Oklahoma City
"Olympia-Tumwater
"Omaha-Council Bluffs
"Orlando-Kissimmee-Sanford
"Othello
"Owensboro
"Oxford
"Oxnard-Thousand Oaks-Ventura
"Paducah
"Pahrump
"Palatka
"Palm Bay-Melbourne-Titusville
"Panama City
"Parkersburg-Vienna
"Payson
"Pensacola-Ferry Pass-Brent
"Peoria
"Philadelphia-Camden-Wilmington
"Phoenix-Mesa-Scottsdale
"Pierre
"Pittsburgh
"Pittsfield
"Platteville
"Pocatello
"Ponca City
"Ponce
"Port Angeles
"Port St. Lucie
"Portland-South Portland
"Portland-Vancouver-Hillsboro
"Portsmouth
"Prescott
"Price
"Prineville
"Providence-Warwick
"Provo-Orem
"Pueblo
"Pullman
"Quincy
"Racine
"Raleigh
"Rapid City
"Reading
"Red Bluff
"Red Wing
"Redding
"Reno
"Richmond
"Riverside-San Bernardino-Ontario
"Riverton
"Roanoke Rapids
"Roanoke
"Rochester
"Rochester
"Rock Springs
"Rockford
"Rockland
"Rocky Mount
"Rome
"Roseburg
"Roswell
"Ruidoso
"Rutland
"Sacramento--Roseville--Arden-Arcade
"Salem
"Salem
"Salinas
"Salisbury
"Salt Lake City
"San Antonio-New Braunfels
"San Diego-Carlsbad
"San Francisco-Oakland-Hayward
"San Jose-Sunnyvale-Santa Clara
"San Juan-Carolina-Caguas
"San Luis Obispo-Paso Robles-Arroyo Grande
"Sandpoint
"Santa Cruz-Watsonville
"Santa Fe
"Santa Maria-Santa Barbara
"Santa Rosa
"Savannah
"Sayre
"Scottsbluff
"Scranton--Wilkes-Barre--Hazleton
"Seattle-Tacoma-Bellevue
"Sebastian-Vero Beach
"Sebring
"Sevierville
"Sheboygan
"Shelton
"Sheridan
"Show Low
"Shreveport-Bossier City
"Sierra Vista-Douglas
"Sioux City
"Sioux Falls
"Somerset
"Somerset
"Sonora
"South Bend-Mishawaka
"Spartanburg
"Spokane-Spokane Valley
"Springfield
"Springfield
"Springfield
"Springfield
"St. Cloud
"St. George
"St. Joseph
"St. Louis
"St. Marys
"State College
"Steamboat Springs
"Stockton-Lodi
"Summerville
"Syracuse
"Tallahassee
"Tampa-St. Petersburg-Clearwater
"Taos
"Terre Haute
"Texarkana
"The Dalles
"Toledo
"Topeka
"Torrington
"Traverse City
"Trenton
"Truckee-Grass Valley
"Tucson
"Tulsa
"Tupelo
"Tuscaloosa
"Twin Falls
"Tyler
"Ukiah
"Urban Honolulu
"Utica-Rome
"Valdosta
"Vallejo-Fairfield
"Vernal
"Victoria
"Vincennes
"Vineland-Bridgeton
"Vineyard Haven
"Virginia Beach-Norfolk-Newport News
"Visalia-Porterville
"Wabash
"Waco
"Walla Walla
"Warner Robins
"Washington Court House
"Washington-Arlington-Alexandria
"Waterloo-Cedar Falls
"Watertown
"Watertown-Fort Atkinson
"Watertown-Fort Drum
"Wausau
"Weirton-Steubenville
"Wenatchee
"Wheeling
"Whitewater-Elkhorn
"Wichita
"Williamsport
"Wilmington
"Wilmington
"Winchester
"Winona
"Winston-Salem
"Worcester
"Yakima
"York-Hanover
"Youngstown-Warren-Boardman
"Yuba City
"Yuma
"CBSA"
"Aberdeen
"Aberdeen
"Ada
"Adrian
"Akron
"Albany
"Albany
"Albany-Schenectady-Troy
"Albuquerque
"Alexandria
"Allentown-Bethlehem-Easton
"Altoona
"Amarillo
"Americus
"Anchorage
"Ann Arbor
"Appleton
"Ardmore
"Arkadelphia
"Asheville
"Ashtabula
"Athens
"Athens
"Athens-Clarke County
"Atlanta-Sandy Springs-Roswell
"Atlantic City-Hammonton
"Augusta-Richmond County
"Augusta-Waterville
"Austin-Round Rock
"Bakersfield
"Baltimore-Columbia-Towson
"Bangor
"Baraboo
"Barnstable Town
"Baton Rouge
"Bay City
"Beatrice
"Beaumont-Port Arthur
"Beaver Dam
"Bellingham
"Bemidji
"Bend-Redmond
"Bennington
"Berlin
"Billings
"Birmingham-Hoover
"Bishop
"Bismarck
"Blacksburg-Christiansburg-Radford
"Bloomington
"Bloomington
"Boise City
"Boston-Cambridge-Newton
"Boulder
"Bowling Green
"Bozeman
"Brainerd
"Bremerton-Silverdale
"Bridgeport-Stamford-Norwalk
"Brookings
"Brownsville-Harlingen
"Brunswick
"Buffalo-Cheektowaga-Niagara Falls
"Burlington-South Burlington
"Butte-Silver Bow
"Cadillac
"Cambridge
"Canton-Massillon
"Cape Coral-Fort Myers
"Carlsbad-Artesia
"Carson City
"Casper
"Ca¤on City
"Cedar City
"Cedar Rapids
"Centralia
"Chambersburg-Waynesboro
"Champaign-Urbana
"Charleston
"Charleston-North Charleston
"Charlotte-Concord-Gastonia
"Charlottesville
"Chattanooga
"Cheyenne
"Chicago-Naperville-Elgin
"Chico
"Cincinnati
"Claremont-Lebanon
"Clarksburg
"Clarksville
"Clearlake
"Cleveland
"Cleveland-Elyria
"Clinton
"Coeur d'Alene
"College Station-Bryan
"Colorado Springs
"Columbia
"Columbia
"Columbus
"Columbus
"Columbus
"Concord
"Cookeville
"Corning
"Corpus Christi
"Corsicana
"Corvallis
"Crescent City
"Crestview-Fort Walton Beach-Destin
"Dallas-Fort Worth-Arlington
"Dalton
"Danville
"Daphne-Fairhope-Foley
"Davenport-Moline-Rock Island
"Dayton
"Decatur
"Decatur
"Deltona-Daytona Beach-Ormond Beach
"Deming
"Denver-Aurora-Lakewood
"Des Moines-West Des Moines
"Detroit-Warren-Dearborn
"Dickinson
"Dodge City
"Douglas
"Dover
"DuBois
"Duluth
"Durango
"Durham-Chapel Hill
"Dyersburg
"Eagle Pass
"East Stroudsburg
"Eau Claire
"Effingham
"El Centro
"El Dorado
"El Paso
"Elizabethtown-Fort Knox
"Elkhart-Goshen
"Elko
"Ellensburg
"Erie
"Espa¤ola
"Eugene
"Eureka-Arcata-Fortuna
"Evanston
"Evansville
"Fairbanks
"Fairmont
"Fallon
"Fargo
"Farmington
"Fayetteville
"Fayetteville-Springdale-Rogers
"Fernley
"Flagstaff
"Flint
"Florence
"Fond du Lac
"Fort Collins
"Fort Madison-Keokuk
"Fort Payne
"Fort Smith
"Fort Wayne
"Fresno
"Gadsden
"Gainesville
"Gainesville
"Gardnerville Ranchos
"Gettysburg
"Gillette
"Glenwood Springs
"Grand Island
"Grand Junction
"Grand Rapids-Wyoming
"Grants Pass
"Great Falls
"Greeley
"Green Bay
"Greenfield Town
"Greensboro-High Point
"Greenville
"Greenville-Anderson-Mauldin
"Guayama
"Gulfport-Biloxi-Pascagoula
"Hagerstown-Martinsburg
"Hailey
"Hammond
"Hanford-Corcoran
"Harrisburg-Carlisle
"Harrison
"Harrisonburg
"Hartford-West Hartford-East Hartford
"Hattiesburg
"Helena
"Hermiston-Pendleton
"Hickory-Lenoir-Morganton
"Hilo
"Hobbs
"Holland
"Homosassa Springs
"Hot Springs
"Houma-Thibodaux
"Houston-The Woodlands-Sugar Land
"Huntington-Ashland
"Huntsville
"Idaho Falls
"Indiana
"Indianapolis-Carmel-Anderson
"Iowa City
"Ithaca
"Jackson
"Jackson
"Jackson
"Jacksonville
"Jamestown-Dunkirk-Fredonia
"Janesville-Beloit
"Jasper
"Jefferson City
"Johnstown
"Joplin
"Juneau
"Kahului-Wailuku-Lahaina
"Kalamazoo-Portage
"Kalispell
"Kansas City
"Kapaa
"Keene
"Kennewick-Richland
"Killeen-Temple
"Kingsport-Bristol-Bristol
"Kingsville
"Kinston
"Klamath Falls
"Knoxville
"Kokomo
"La Crosse-Onalaska
"La Grande
"Laconia
"Lafayette
"Lafayette-West Lafayette
"Lake Charles
"Lake City
"Lake Havasu City-Kingman
"Lakeland-Winter Haven
"Lancaster
"Lansing-East Lansing
"Laramie
"Laredo
"Las Cruces
"Las Vegas-Henderson-Paradise
"Lawrenceburg
"Lawton
"Lebanon
"Lewiston
"Lewiston-Auburn
"Lexington-Fayette
"Lima
"Lincoln
"Little Rock-North Little Rock-Conway
"Logan
"Longview
"Longview
"Los Angeles-Long Beach-Anaheim
"Louisville/Jefferson County
"Lubbock
"Ludington
"Lynchburg
"Macon
"Madera
"Madison
"Manchester-Nashua
"Manitowoc
"Marietta
"Marshall
"Marshall
"Mason City
"Mayaguez
"McAlester
"McAllen-Edinburg-Mission
"Medford
"Memphis
"Merced
"Meridian
"Miami
"Miami-Fort Lauderdale-West Palm Beach
"Michigan City-La Porte
"Middlesborough
"Milwaukee-Waukesha-West Allis
"Minneapolis-St. Paul-Bloomington
"Minot
"Missoula
"Mobile
"Modesto
"Monroe
"Monroe
"Montgomery
"Morehead City
"Morgantown
"Morristown
"Moscow
"Moses Lake
"Mount Vernon
"Mount Vernon
"Mount Vernon-Anacortes
"Muncie
"Muscatine
"Muskegon
"Myrtle Beach-Conway-North Myrtle Beach
"Naples-Immokalee-Marco Island
"Nashville-Davidson--Murfreesboro--Franklin
"New Castle
"New Castle
"New Haven-Milford
"New Orleans-Metairie
"New York-Newark-Jersey City
"Niles-Benton Harbor
"Nogales
"North Port-Sarasota-Bradenton
"Norwich-New London
"Ocala
"Odessa
"Ogden-Clearfield
"Oklahoma City
"Olympia-Tumwater
"Omaha-Council Bluffs
"Orlando-Kissimmee-Sanford
"Othello
"Owensboro
"Oxford
"Oxnard-Thousand Oaks-Ventura
"Paducah
"Pahrump
"Palatka
"Palm Bay-Melbourne-Titusville
"Panama City
"Parkersburg-Vienna
"Payson
"Pensacola-Ferry Pass-Brent
"Peoria
"Philadelphia-Camden-Wilmington
"Phoenix-Mesa-Scottsdale
"Pierre
"Pittsburgh
"Pittsfield
"Platteville
"Pocatello
"Ponca City
"Ponce
"Port Angeles
"Port St. Lucie
"Portland-South Portland
"Portland-Vancouver-Hillsboro
"Portsmouth
"Prescott
"Price
"Prineville
"Providence-Warwick
"Provo-Orem
"Pueblo
"Pullman
"Quincy
"Racine
"Raleigh
"Rapid City
"Reading
"Red Bluff
"Red Wing
"Redding
"Reno
"Richmond
"Riverside-San Bernardino-Ontario
"Riverton
"Roanoke Rapids
"Roanoke
"Rochester
"Rochester
"Rock Springs
"Rockford
"Rockland
"Rocky Mount
"Rome
"Roseburg
"Rutland
"Sacramento--Roseville--Arden-Arcade
"Salem
"Salem
"Salinas
"Salisbury
"Salt Lake City
"San Antonio-New Braunfels
"San Diego-Carlsbad
"San Francisco-Oakland-Hayward
"San Jose-Sunnyvale-Santa Clara
"San Juan-Carolina-Caguas
"San Luis Obispo-Paso Robles-Arroyo Grande
"Sandpoint
"Santa Cruz-Watsonville
"Santa Fe
"Santa Maria-Santa Barbara
"Santa Rosa
"Savannah
"Sayre
"Scottsbluff
"Scranton--Wilkes-Barre--Hazleton
"Seattle-Tacoma-Bellevue
"Sebastian-Vero Beach
"Sebring
"Sevierville
"Sheboygan
"Shelton
"Sheridan
"Show Low
"Shreveport-Bossier City
"Sierra Vista-Douglas
"Sioux City
"Sioux Falls
"Somerset
"Somerset
"Sonora
"South Bend-Mishawaka
"Spartanburg
"Spokane-Spokane Valley
"Springfield
"Springfield
"Springfield
"Springfield
"St. Cloud
"St. George
"St. Joseph
"St. Louis
"St. Marys
"State College
"Steamboat Springs
"Stockton-Lodi
"Summerville
"Syracuse
"Tallahassee
"Tampa-St. Petersburg-Clearwater
"Taos
"Terre Haute
"Texarkana
"The Dalles
"Toledo
"Topeka
"Torrington
"Traverse City
"Trenton
"Truckee-Grass Valley
"Tucson
"Tulsa
"Tupelo
"Tuscaloosa
"Twin Falls
"Tyler
"Urban Honolulu
"Utica-Rome
"Valdosta
"Vallejo-Fairfield
"Vermillion
"Vernal
"Victoria
"Vincennes
"Vineland-Bridgeton
"Vineyard Haven
"Virginia Beach-Norfolk-Newport News
"Visalia-Porterville
"Wabash
"Waco
"Walla Walla
"Warner Robins
"Washington Court House
"Washington-Arlington-Alexandria
"Waterloo-Cedar Falls
"Watertown
"Watertown-Fort Atkinson
"Watertown-Fort Drum
"Wausau
"Weirton-Steubenville
"Wenatchee
"Wheeling
"Whitewater-Elkhorn
"Wichita
"Williamsport
"Wilmington
"Wilmington
"Winchester
"Winston-Salem
"Worcester
"Yakima
"York-Hanover
"Youngstown-Warren-Boardman
"Yuba City
"Yuma